exp,type,update,success_rate,avg_reward,collision,extra,max_reward,loss,entropy,actor_loss,critic_loss
2,0,0,0.32,-173.6360987309047,0.9428571428571428,22.130030203057206,-264.8088073730469,-44.385955810546875,245.7979278564453,-62.984100341796875,10000000.0
2,0,1,0.2742857142857143,-184.23856912885392,0.9085714285714286,21.851724171444793,-182.79737854003906,28.42063331604004,41.705833435058594,25.54239273071289,10000000.0
2,0,2,0.30857142857142855,-174.293993334089,0.9257142857142857,24.063240318982498,-223.41558837890625,-92.66415405273438,368.748046875,-135.24066162109375,10000000.0
2,0,3,0.2571428571428571,-184.9416811261858,0.9314285714285714,23.599768296689305,-176.6173095703125,-107.01371002197266,377.50933837890625,-175.171630859375,10000000.0
2,0,4,0.2742857142857143,-149.81452705383302,0.9257142857142857,19.390559161267255,-289.47650146484375,-77.25862884521484,307.3035888671875,-99.84567260742188,10000000.0
2,0,5,0.25142857142857145,-162.3436754499163,0.9371428571428572,22.478980562951005,-138.12899780273438,-104.8091812133789,324.82525634765625,-155.6074981689453,10000000.0
2,0,6,0.3142857142857143,-169.4254314477103,0.9142857142857143,21.48365861140847,-269.48004150390625,-92.2187271118164,368.75762939453125,-157.41439819335938,10000000.0
2,0,7,0.3142857142857143,-134.53806205749513,0.8971428571428571,18.87478297184962,18.649999618530273,-59.9928092956543,307.2003479003906,-70.45686340332031,10000000.0
2,0,8,0.2914285714285714,-158.60883209228516,0.9257142857142857,21.190643768831297,-153.52015686035156,-95.37934875488281,342.3228454589844,-152.58389282226562,10000000.0
2,0,9,0.2857142857142857,-178.12835282461984,0.9714285714285714,22.09253685838589,-217.67901611328125,-100.08529663085938,368.7276611328125,-150.6259002685547,10000000.0
2,0,10,0.3314285714285714,-175.02642701285225,0.9085714285714286,22.624611214182643,-211.07589721679688,-93.28944396972656,394.9100341796875,-148.00860595703125,10000000.0
2,0,11,0.24,-185.11973864964077,0.9314285714285714,23.650363771099748,-145.8924102783203,-85.6131591796875,377.4555969238281,-115.79312133789062,10000000.0
2,0,12,0.2742857142857143,-155.30709038870674,0.92,21.897571174856893,-232.4219207763672,-75.07688903808594,333.52435302734375,-94.27232360839844,10000000.0
2,0,13,0.32571428571428573,-177.12302849360876,0.8971428571428571,20.93759319703074,-222.1571502685547,-99.63353729248047,377.4521179199219,-194.08746337890625,10000000.0
2,0,14,0.3314285714285714,-175.37349621909004,0.9085714285714286,23.855553997552104,-218.7040557861328,-105.27259826660156,395.0002746582031,-202.22689819335938,10000000.0
2,0,15,0.24,-186.02024377550399,0.9257142857142857,23.586262114826678,-262.7959899902344,-90.11351013183594,368.5250244140625,-134.76129150390625,10000000.0
2,0,16,0.2857142857142857,-172.9139676121303,0.9257142857142857,21.898530834169087,-154.36312866210938,-104.21546173095703,359.91522216796875,-223.96827697753906,10000000.0
2,0,17,0.3028571428571429,-177.54762346540178,0.9257142857142857,22.887845991720287,-235.3099822998047,-99.93901824951172,377.4654235839844,-205.7255859375,10000000.0
2,0,18,0.2571428571428571,-156.32081535884313,0.8914285714285715,20.093972079773998,-204.2119598388672,-98.81559753417969,315.9732971191406,-162.63043212890625,10000000.0
2,0,19,0.2914285714285714,-187.95698275429862,0.9257142857142857,24.039180476946182,-20.65394401550293,39.65768814086914,52.66094970703125,36.45603561401367,10000000.0
2,0,20,0.25142857142857145,-174.0582032775879,0.9428571428571428,23.88177261368858,-158.76278686523438,10.122262954711914,78.98461151123047,5.941716194152832,10000000.0
2,0,21,0.32,-158.0660713141305,0.9257142857142857,23.82168931498818,-13.653947830200195,72.51876831054688,2.1944503784179688,63.535980224609375,10000000.0
2,0,22,0.3142857142857143,-167.5265608215332,0.9085714285714286,24.138713253820733,7.959999084472656,-87.7249755859375,377.3499450683594,-119.79155731201172,10000000.0
2,0,23,0.26857142857142857,-178.52842990330288,0.92,22.695765627746994,-164.87864685058594,35.6253547668457,68.02666473388672,32.979740142822266,10000000.0
2,0,24,0.32571428571428573,-157.9915779713222,0.9028571428571428,21.768216033498373,-27.834196090698242,-87.45926666259766,359.86297607421875,-127.13057708740234,10000000.0
2,0,25,0.32571428571428573,-184.62900877816335,0.9142857142857143,23.747418535846226,-257.82000732421875,-71.71288299560547,309.3799133300781,-107.94847869873047,10000000.0
2,0,26,0.26857142857142857,-153.5937267630441,0.8914285714285715,19.188442392909327,29.479999542236328,-12.113537788391113,68.02290344238281,-16.3215389251709,10000000.0
2,0,27,0.2857142857142857,-177.68691437312535,0.9257142857142857,21.05237004964019,-245.6328887939453,-93.51203918457031,377.3957824707031,-141.87313842773438,10000000.0
2,0,28,0.3028571428571429,-162.56556203569684,0.9257142857142857,21.525305216185355,-151.38450622558594,-85.95100402832031,359.8178405761719,-131.56838989257812,10000000.0
2,0,29,0.2857142857142857,-159.24479876926966,0.9371428571428572,22.16198691283468,-247.07286071777344,-71.77256774902344,283.0289306640625,-119.24298095703125,10000000.0
2,0,30,0.3142857142857143,-183.5409029170445,0.8971428571428571,23.99233160936045,-96.9327163696289,-104.43450927734375,394.97137451171875,-222.5477752685547,10000000.0
2,0,31,0.22285714285714286,-177.83353976658412,0.9314285714285714,24.46947169165789,-210.4820098876953,-98.7702865600586,351.0519714355469,-172.9347686767578,10000000.0
2,0,32,0.3314285714285714,-181.52566230773925,0.8971428571428571,23.178025681668107,23.94999885559082,-43.162269592285156,138.24034118652344,-62.49287796020508,10000000.0
2,0,33,0.3028571428571429,-156.17035620553153,0.9142857142857143,22.21676341425214,-168.59912109375,-76.60615539550781,351.04852294921875,-102.09417724609375,10000000.0
2,0,34,0.32,-166.46908849988665,0.9314285714285714,21.92028397994784,-291.4590759277344,-95.21134948730469,377.36651611328125,-137.68960571289062,10000000.0
2,0,35,0.26285714285714284,-178.06413556780134,0.8628571428571429,24.669481287371685,-321.93499755859375,-98.29324340820312,359.9386901855469,-169.76576232910156,10000000.0
2,0,36,0.2914285714285714,-157.6467786189488,0.9257142857142857,21.167286186719686,-168.6807098388672,-100.02439880371094,315.9502258300781,-151.37330627441406,10000000.0
2,0,37,0.25142857142857145,-142.74974087306433,0.9257142857142857,20.060377308274177,29.969999313354492,-90.48139190673828,298.4192810058594,-124.60665893554688,10000000.0
2,0,38,0.2742857142857143,-178.21695702689036,0.9371428571428572,22.869424006432407,8.478675842285156,-82.07359313964844,359.8074951171875,-120.4992904663086,10000000.0
2,0,39,0.2914285714285714,-178.71648299625943,0.9085714285714286,24.12433178033286,-95.02217102050781,59.45709991455078,17.55541229248047,53.437461853027344,10000000.0
2,0,40,0.2914285714285714,-156.1271412876674,0.8971428571428571,19.354635314482373,-429.2767639160156,-1.572912573814392,116.3185043334961,-2.273603677749634,10000000.0
2,0,41,0.19428571428571428,-165.71721341814313,0.9657142857142857,21.549359764003174,4.792890548706055,-71.38790893554688,315.96075439453125,-87.96345520019531,10000000.0
2,0,42,0.29714285714285715,-182.70748113359724,0.96,24.59690721308767,-269.0090637207031,-56.864444732666016,267.6595153808594,-72.38216400146484,10000000.0
2,0,43,0.3028571428571429,-175.18406233651297,0.9257142857142857,23.34153053016078,-10.58131217956543,-94.01673889160156,386.08599853515625,-136.86476135253906,10000000.0
2,0,44,0.29714285714285715,-182.18712448665073,0.92,23.563271759203396,-89.2283935546875,-80.0643539428711,386.1595153808594,-102.53984832763672,10000000.0
2,0,45,0.3485714285714286,-163.5965607888358,0.9142857142857143,22.7911345637592,-172.43446350097656,-69.95537567138672,351.0475769042969,-89.33349609375,10000000.0
2,0,46,0.30857142857142855,-178.89414181300572,0.9085714285714286,24.36706692933584,-207.9364013671875,-97.22049713134766,386.2342529296875,-140.4282989501953,10000000.0
2,0,47,0.2571428571428571,-154.47940447671073,0.9542857142857143,20.14698115804475,-41.46527099609375,-97.80260467529297,307.2040710449219,-210.74371337890625,10000000.0
2,0,48,0.26857142857142857,-165.01238273620606,0.9257142857142857,21.31371298242617,-34.402618408203125,-77.19566345214844,342.350341796875,-106.37151336669922,10000000.0
2,0,49,0.32571428571428573,-180.54081096104213,0.92,23.841121631069097,-404.4154052734375,-91.86773681640625,395.02716064453125,-138.7449951171875,10000000.0
2,0,50,0.3314285714285714,-215.85310775756835,0.9314285714285714,27.289213551054505,-255.91250610351562,53.22285842895508,17.554561614990234,48.319725036621094,10000000.0
2,0,51,0.32,-145.6253068270002,0.9142857142857143,18.862265305968336,18.309999465942383,-95.40834045410156,324.7613220214844,-146.10150146484375,10000000.0
2,0,52,0.2857142857142857,-168.860982938494,0.92,22.001867043591194,-111.13500213623047,-70.13504791259766,351.00677490234375,-91.40185546875,10000000.0
2,0,53,0.26285714285714284,-176.15962295532228,0.9314285714285714,22.167944735945515,-97.81532287597656,-84.4161605834961,359.76513671875,-108.93289947509766,10000000.0
2,0,54,0.26857142857142857,-187.54440774100166,0.9371428571428572,27.255160537689854,-232.27169799804688,-61.52565002441406,245.73843383789062,-88.75505828857422,10000000.0
2,0,55,0.37142857142857144,-173.7863820048741,0.8742857142857143,23.164433421215378,-15.613943099975586,-96.83616638183594,394.9114685058594,-147.1529998779297,10000000.0
2,0,56,0.32,-148.2459475816999,0.9085714285714286,20.905665384662026,-107.9368667602539,-98.98036193847656,333.4148254394531,-164.37176513671875,10000000.0
2,0,57,0.2914285714285714,-182.05296832493374,0.9142857142857143,23.917449284011287,-117.41259002685547,73.28741455078125,6.579642295837402,64.72696685791016,10000000.0
2,0,58,0.22285714285714286,-197.04343752179827,0.9542857142857143,25.450884876141036,-290.30743408203125,-92.71693420410156,394.7885437011719,-123.8945541381836,10000000.0
2,0,59,0.26857142857142857,-194.47948654174806,0.9428571428571428,25.846528576426646,28.15999984741211,16.92650032043457,68.00865173339844,16.051450729370117,10000000.0
2,0,60,0.3142857142857143,-187.25891535077776,0.92,25.231499622167814,-190.373046875,-11.586522102355957,109.64556121826172,-19.019323348999023,10000000.0
2,0,61,0.3142857142857143,-176.28333977835518,0.9485714285714286,25.10234847102395,-48.110809326171875,-93.21831512451172,386.0983581542969,-129.65267944335938,10000000.0
2,0,62,0.3142857142857143,-175.82975412641252,0.9142857142857143,22.157280910437215,13.129999160766602,70.51531219482422,17.542194366455078,62.528770446777344,10000000.0
2,0,63,0.17714285714285713,-100.69862289428711,0.92,13.636462650230008,-76.20500946044922,-71.53864288330078,201.8321075439453,-88.08411407470703,10000000.0
2,0,64,0.32,-171.83942102159773,0.92,24.53522960236261,-26.280000686645508,-100.975830078125,386.0084228515625,-147.14100646972656,10000000.0
2,0,65,0.28,-173.84601615905763,0.8914285714285715,21.97012659736941,-6.577104568481445,-4.812005043029785,166.69754028320312,-7.170044898986816,10000000.0
2,0,66,0.35428571428571426,-180.7368513216291,0.9085714285714286,23.471098923907885,-266.7102355957031,-10.228710174560547,109.64153289794922,-13.546904563903809,10000000.0
2,0,67,0.34285714285714286,-172.94357924870081,0.8571428571428571,22.93962303304263,-363.0095520019531,-54.216514587402344,388.2084655761719,-68.74368286132812,10000000.0
2,0,68,0.2742857142857143,-181.49595500946046,0.9257142857142857,23.488324937585734,-224.1773223876953,-48.715087890625,285.028076171875,-62.75741195678711,10000000.0
2,0,69,0.25142857142857145,-159.91449384416853,0.9142857142857143,22.34883412037698,-198.3664093017578,-82.40697479248047,333.1676940917969,-107.9908218383789,10000000.0
2,0,70,0.2742857142857143,-185.5555770438058,0.9657142857142857,24.624170468225035,-123.6803207397461,-77.86558532714844,385.8620300292969,-99.5726318359375,10000000.0
2,0,71,0.24571428571428572,-183.57546086992537,0.9257142857142857,23.74160714495559,-150.0360870361328,-108.35938262939453,368.16412353515625,-200.0577850341797,10000000.0
2,0,72,0.2914285714285714,-176.35333042689732,0.9085714285714286,21.214353915405773,-184.73867797851562,-108.02250671386719,368.1948547363281,-212.4870147705078,10000000.0
2,0,73,0.26285714285714284,-157.24554569789342,0.9085714285714286,19.07067032967033,29.440000534057617,-88.07234191894531,315.34814453125,-128.33428955078125,10000000.0
2,0,74,0.21142857142857144,-149.83290755135673,0.9371428571428572,18.667524203449013,-202.7261505126953,-95.52851867675781,280.388671875,-142.68899536132812,10000000.0
2,0,75,0.37714285714285717,-151.558031338283,0.8914285714285715,20.89159838258917,-346.88079833984375,-83.3047866821289,376.4374694824219,-118.46981811523438,10000000.0
2,0,76,0.30857142857142855,-162.77806007385254,0.9028571428571428,22.01647785467569,3.349996566772461,7.25192928314209,87.5149154663086,5.968381404876709,10000000.0
2,0,77,0.30857142857142855,-184.54976739065987,0.9085714285714286,23.30152121341728,29.979999542236328,-100.16819763183594,393.86260986328125,-231.8916015625,10000000.0
2,0,78,0.22857142857142856,-168.10518229348318,0.9542857142857143,22.329262107350775,-34.753936767578125,-91.05091857910156,341.4906311035156,-147.60971069335938,10000000.0
2,0,79,0.2914285714285714,-180.7033158983503,0.9371428571428572,22.434597350362058,-176.660400390625,75.1253433227539,4.376232147216797,66.40139770507812,10000000.0
2,0,80,0.32,-169.23720248631068,0.8857142857142857,21.935539670659086,-200.6558074951172,-79.63919067382812,384.87261962890625,-99.74494171142578,10000000.0
2,0,81,0.32,-156.4122335597447,0.9257142857142857,20.11504709865616,-283.9459533691406,-94.86573028564453,358.8312683105469,-183.24937438964844,10000000.0
2,0,82,0.26285714285714284,-191.86177811758859,0.9314285714285714,23.12003699371362,-218.18434143066406,-94.4300308227539,375.8949279785156,-189.30715942382812,10000000.0
2,0,83,0.22857142857142856,-182.2851240321568,0.9428571428571428,22.616260966488742,-158.59701538085938,35.17055892944336,39.29255676269531,32.485965728759766,10000000.0
2,0,84,0.2342857142857143,-177.3602069200788,0.9371428571428572,23.79521668827021,-143.00450134277344,-100.24795532226562,357.8265686035156,-157.24609375,10000000.0
2,0,85,0.3657142857142857,-137.2854104396275,0.9028571428571428,18.544533627438874,-154.81312561035156,-0.5242207050323486,93.77787780761719,-2.9635775089263916,10000000.0
2,0,86,0.26285714285714284,-175.17711577279226,0.9085714285714286,22.238368451565346,-256.5531921386719,-87.12776184082031,357.528076171875,-127.26362609863281,10000000.0
2,0,87,0.21714285714285714,-139.6985885620117,0.9371428571428572,18.174486005317647,-162.19627380371094,-96.3648452758789,278.7657775878906,-139.94638061523438,10000000.0
2,0,88,0.2742857142857143,-152.6026042502267,0.9371428571428572,19.889272845975913,-275.3477783203125,-89.20731353759766,312.62786865234375,-127.99869537353516,10000000.0
2,0,89,0.3028571428571429,-180.91793902805873,0.9028571428571428,22.284232256471707,5.562892913818359,-102.19490814208984,372.12408447265625,-172.96426391601562,10000000.0
2,0,90,0.26285714285714284,-181.58694443838937,0.9314285714285714,24.256752924670426,-214.6629638671875,-92.9776611328125,360.5436706542969,-148.1624755859375,10000000.0
2,0,91,0.3028571428571429,-168.53313091823034,0.9314285714285714,23.362945907788216,-180.53018188476562,-103.54171752929688,358.25250244140625,-214.96632385253906,10000000.0
2,0,92,0.28,-194.6126666041783,0.9371428571428572,26.012561259910665,-165.50425720214844,-94.12946319580078,386.0481872558594,-150.63037109375,10000000.0
2,0,93,0.28,-175.46359926496234,0.9257142857142857,23.04898141970886,-434.3382873535156,24.408842086791992,101.00247192382812,23.073715209960938,10000000.0
2,0,94,0.2342857142857143,-178.77590538024901,0.9428571428571428,25.050139110189527,-210.7933807373047,-80.49600219726562,359.83135986328125,-127.41101837158203,10000000.0
2,0,95,0.26285714285714284,-189.10022990635463,0.9028571428571428,23.082981280580753,-167.55870056152344,-103.18623352050781,376.4936218261719,-169.61436462402344,10000000.0
2,0,96,0.3485714285714286,-145.6740335573469,0.92,22.217787828644976,-159.43157958984375,-94.21428680419922,323.6884460449219,-137.18289184570312,10000000.0
2,0,97,0.2857142857142857,-162.38597072056362,0.92,21.995767034547388,28.24289321899414,-104.29073333740234,346.4894104003906,-170.59603881835938,10000000.0
2,0,98,0.26285714285714284,-134.23565287998744,0.9314285714285714,19.115928905178542,0.0428924560546875,-85.34307861328125,266.5193786621094,-142.16348266601562,10000000.0
2,0,99,0.33714285714285713,-132.56547221047538,0.9085714285714286,17.65504235244102,-106.0897445678711,-87.76242065429688,291.1159362792969,-144.2186279296875,10000000.0
2,0,100,0.26857142857142857,-177.95486339024134,0.9428571428571428,21.85593730197055,-101.36394500732422,-84.65032958984375,341.7403869628906,-129.9015350341797,10000000.0
2,0,101,0.29714285714285715,-179.6058573477609,0.9314285714285714,24.385460725331214,29.149999618530273,-90.31916809082031,360.4471435546875,-136.49012756347656,10000000.0
2,0,102,0.2571428571428571,-167.5180924987793,0.9314285714285714,21.109960122653252,-269.5033874511719,-88.52531433105469,327.2976989746094,-137.03759765625,10000000.0
2,0,103,0.26285714285714284,-179.32743221827917,0.9428571428571428,22.45174458473618,25.81999969482422,-92.3260269165039,366.76458740234375,-149.68585205078125,10000000.0
2,0,104,0.37714285714285717,-156.52326665605818,0.8971428571428571,21.363203959293664,-312.6806335449219,-86.72817993164062,345.49359130859375,-148.80523681640625,10000000.0
2,0,105,0.3142857142857143,-170.17575643266952,0.9085714285714286,23.105102600043942,-225.04708862304688,-80.85603332519531,355.7663269042969,-281.53167724609375,10000000.0
2,0,106,0.37714285714285717,-155.98193186078754,0.9085714285714286,20.64790848274896,-290.3216552734375,62.61374282836914,5.633448600769043,56.36262893676758,10000000.0
2,0,107,0.3028571428571429,-167.65120632716588,0.9142857142857143,21.61347777583031,-219.55592346191406,52.656768798828125,312.9096374511719,-313.01470947265625,10000000.0
2,0,108,0.3485714285714286,-138.7070656476702,0.8914285714285715,19.538916854902077,-248.26300048828125,-71.61065673828125,289.5325012207031,-232.9471893310547,10000000.0
2,0,109,0.2857142857142857,-149.9822429221017,0.9028571428571428,20.83230890496304,-269.6347961425781,-68.33660888671875,295.4143371582031,-261.5343017578125,10000000.0
2,0,110,0.35428571428571426,-168.7983849498204,0.8914285714285715,21.73390528268724,-224.76275634765625,-31.064117431640625,363.071044921875,-294.5897521972656,10000000.0
2,0,111,0.33714285714285713,-111.70244661058699,0.9142857142857143,15.180168554331312,-195.31649780273438,-84.55339813232422,243.64833068847656,-122.18153381347656,10000000.0
2,0,112,0.25142857142857145,-180.620990284511,0.9428571428571428,24.351708293237554,15.942889213562012,-73.00552368164062,353.6221618652344,-97.3602294921875,10000000.0
2,0,113,0.25142857142857145,-127.78832640511649,0.9428571428571428,18.31514018474523,-303.1824951171875,-91.52276611328125,256.5888366699219,-176.34764099121094,10000000.0
2,0,114,0.33714285714285713,-138.60628362383162,0.8914285714285715,20.41399672219573,-245.61898803710938,53.673091888427734,2.0733256340026855,47.42469024658203,10000000.0
2,0,115,0.3142857142857143,-119.96295272282191,0.8971428571428571,16.03193392848899,-151.13209533691406,-95.9439468383789,268.3417663574219,-198.42059326171875,10000000.0
2,0,116,0.3028571428571429,-158.12065540858677,0.9257142857142857,21.15936861047449,-142.62078857421875,45.40764617919922,18.833335876464844,40.963558197021484,10000000.0
2,0,117,0.38857142857142857,-168.36857764107842,0.9257142857142857,22.027319995597306,-370.5276794433594,-72.1244125366211,379.2049865722656,-97.50163269042969,10000000.0
2,0,118,0.28,-170.9561319242205,0.9142857142857143,22.459489770866053,-199.627197265625,-89.32621002197266,345.03515625,-154.9140167236328,10000000.0
2,0,119,0.33714285714285713,-181.03480401175364,0.8914285714285715,24.06586818110878,-372.429443359375,-106.1895523071289,388.1193542480469,-204.78497314453125,10000000.0
2,0,120,0.2742857142857143,-176.30178015572685,0.9257142857142857,22.799502606420532,-223.96165466308594,-101.93415069580078,345.95111083984375,-168.75387573242188,10000000.0
2,0,121,0.2914285714285714,-183.09412895202638,0.9257142857142857,22.198334555171698,-184.91021728515625,-91.91508483886719,368.0272521972656,-170.44866943359375,10000000.0
2,0,122,0.29714285714285715,-179.00018835885183,0.9257142857142857,23.8704138054883,-184.5202178955078,-92.22431945800781,367.2151184082031,-163.45420837402344,10000000.0
2,0,123,0.2571428571428571,-186.47608763558523,0.9314285714285714,23.724354312354315,-285.8245849609375,-93.89273071289062,357.1394958496094,-198.67974853515625,10000000.0
2,0,124,0.2914285714285714,-186.18646087646485,0.9314285714285714,23.136379401663763,-284.5099792480469,66.4225082397461,4.147458076477051,57.612274169921875,10000000.0
2,0,125,0.3142857142857143,-182.14833211626325,0.9428571428571428,26.145793110895898,19.452890396118164,-80.01065063476562,348.9423828125,-230.30233764648438,10000000.0
2,0,126,0.28,-162.39355748312815,0.9371428571428572,22.877520465072894,-236.12344360351562,-93.31193542480469,318.222412109375,-224.71414184570312,10000000.0
2,0,127,0.37714285714285717,-153.88322033473423,0.88,21.71666409426405,-192.56881713867188,-70.03048706054688,351.2447814941406,-268.54058837890625,10000000.0
2,0,128,0.32571428571428573,-122.0737968989781,0.9142857142857143,18.18952931233099,-135.3648223876953,-82.6993408203125,256.43011474609375,-156.11537170410156,10000000.0
2,0,129,0.30857142857142855,-136.7803935950143,0.9085714285714286,18.70034992134079,-193.7188720703125,-69.85670471191406,284.6353759765625,-252.81851196289062,10000000.0
2,0,130,0.32,-160.83734997885568,0.8857142857142857,21.802659022043365,29.989999771118164,-75.37319946289062,327.0353698730469,-232.77883911132812,10000000.0
2,0,131,0.30857142857142855,-160.9325127192906,0.88,22.031741126912014,-217.49459838867188,-26.46368408203125,324.0068664550781,-282.53729248046875,10000000.0
2,0,132,0.37714285714285717,-159.07650839669364,0.8857142857142857,21.069996170520717,-327.7319641113281,-64.17381286621094,336.3173522949219,-225.73629760742188,10000000.0
2,0,133,0.28,-184.65804448263987,0.9371428571428572,23.909948479469488,-234.19036865234375,47.071807861328125,329.8052062988281,-313.9808654785156,10000000.0
2,0,134,0.2914285714285714,-149.19987225123813,0.92,19.209886366960305,-212.71762084960938,-40.46571350097656,266.0989685058594,-251.09890747070312,10000000.0
2,0,135,0.28,-144.18748337881905,0.9085714285714286,20.597010645586494,-135.78665161132812,92.49288940429688,247.19326782226562,-343.9706115722656,10000000.0
2,0,136,0.30857142857142855,-177.4899756349836,0.8971428571428571,23.798496617041287,-280.33758544921875,197.843505859375,300.41827392578125,-334.2283020019531,10000000.0
2,0,137,0.3485714285714286,-172.1238053567069,0.96,23.33790925360283,-316.3175354003906,-34.01788330078125,323.68994140625,-319.4410400390625,10000000.0
2,0,138,0.3028571428571429,-176.29989152635846,0.8914285714285715,22.148356714100192,-292.56646728515625,66.57763671875,301.91009521484375,-303.3356018066406,10000000.0
2,0,139,0.28,-179.79205091203963,0.9314285714285714,24.733271138422314,-207.8129425048828,112.34243774414062,302.4687805175781,-332.37298583984375,10000000.0
2,0,140,0.30857142857142855,-180.25651120867047,0.9371428571428572,24.568224902028202,27.93000030517578,-55.88385009765625,321.34234619140625,-267.61279296875,10000000.0
2,0,141,0.25142857142857145,-132.67547048296248,0.9314285714285714,19.14279696979668,-45.921302795410156,-25.749404907226562,229.56910705566406,-229.89938354492188,10000000.0
2,0,142,0.37714285714285717,-167.50394158499583,0.8857142857142857,22.28874612296095,-299.8499450683594,41.56243896484375,311.5673828125,-260.5325012207031,10000000.0
2,0,143,0.2914285714285714,-176.94324923924037,0.9371428571428572,23.334887001655833,-245.8271484375,58.112091064453125,306.988037109375,-315.5577392578125,10000000.0
2,0,144,0.37142857142857144,-175.3968628038679,0.8914285714285715,22.93588709216971,-364.4407958984375,9.895751953125,321.8421630859375,-305.54766845703125,10000000.0
2,0,145,0.22857142857142856,-142.53884315490723,0.9314285714285714,19.814255875849884,-178.64620971679688,44.360076904296875,224.9027862548828,-273.43096923828125,10000000.0
2,0,146,0.3657142857142857,-169.54529076167515,0.8971428571428571,23.218427741209727,-236.4787139892578,156.10287475585938,295.6495056152344,-351.4004821777344,10000000.0
2,0,147,0.29714285714285715,-173.5334473528181,0.92,22.70614507341398,-192.07252502441406,193.52420043945312,281.91064453125,-366.2536315917969,10000000.0
2,0,148,0.3028571428571429,-170.77389981951032,0.9257142857142857,23.53021371905405,-221.32577514648438,48.47906494140625,272.6695861816406,-262.2359313964844,10000000.0
2,0,149,0.3314285714285714,-180.98952776772634,0.9314285714285714,24.559072696307847,-96.22506713867188,-28.178436279296875,333.38018798828125,-293.7217102050781,10000000.0
2,0,150,0.2857142857142857,-149.71543489728654,0.8971428571428571,19.68650848427319,-221.78878784179688,-13.396566390991211,53.9165153503418,-22.017915725708008,10000000.0
2,0,151,0.2342857142857143,-154.85060639517647,0.9257142857142857,18.537542107441265,-174.62332153320312,2.868377685546875,245.82196044921875,-277.2252502441406,10000000.0
2,0,152,0.29714285714285715,-191.3663700757708,0.9485714285714286,24.630588009801414,-118.32782745361328,27.543121337890625,302.6257629394531,-225.13612365722656,10000000.0
2,0,153,0.29714285714285715,-172.02847978864398,0.9314285714285714,21.91418951344329,-40.475250244140625,60.314117431640625,283.089599609375,-296.5095520019531,10000000.0
2,0,154,0.32,-148.6487900379726,0.92,19.415089991624825,-168.61314392089844,-22.592041015625,267.1910705566406,-270.50830078125,10000000.0
2,0,155,0.28,-183.61691982269286,0.9714285714285714,23.82496744622677,-162.79576110839844,294.69647216796875,266.22662353515625,-380.1728820800781,10000000.0
2,0,156,0.29714285714285715,-185.30833159310478,0.9257142857142857,24.362652743148544,-56.745513916015625,230.35440063476562,245.02552795410156,-265.4233093261719,10000000.0
2,0,157,0.30857142857142855,-163.31885678972517,0.8914285714285715,20.36259417362823,-244.51611328125,181.52484130859375,222.8166046142578,-268.7561340332031,10000000.0
2,0,158,0.29714285714285715,-170.8741024507795,0.9314285714285714,21.80784261329772,-235.0345916748047,289.4427185058594,218.6450958251953,-284.7943420410156,10000000.0
2,0,159,0.3485714285714286,-177.23655950273786,0.8971428571428571,25.148468578019322,-30.58394432067871,230.67352294921875,255.87945556640625,-277.90789794921875,10000000.0
2,0,160,0.24571428571428572,-149.8063535799299,0.9657142857142857,20.258106684460067,-145.42190551757812,18.78521728515625,203.54486083984375,-198.54666137695312,10000000.0
2,0,161,0.32571428571428573,-159.05226579938616,0.8857142857142857,20.883371326774565,-209.3030548095703,74.76446533203125,3.1472599506378174,65.93194580078125,10000000.0
2,0,162,0.3028571428571429,-111.00633299691337,0.9257142857142857,15.936254816145574,16.89289093017578,-54.6649169921875,196.7855224609375,-217.03094482421875,10000000.0
2,0,163,0.34285714285714286,-182.84623626708984,0.9142857142857143,23.980739122292995,-99.48798370361328,17.858600616455078,26.554332733154297,15.811789512634277,10000000.0
2,0,164,0.2914285714285714,-152.40156118665422,0.9371428571428572,18.197948664044198,-161.41502380371094,-74.019287109375,277.52764892578125,-171.33798217773438,10000000.0
2,0,165,0.3028571428571429,-172.94919081551689,0.9085714285714286,21.900766351057296,-196.9784393310547,-79.9666748046875,168.81996154785156,-144.2263641357422,10000000.0
2,0,166,0.3314285714285714,-167.76450268336706,0.8914285714285715,20.675447000277348,29.989999771118164,-79.79522705078125,356.93206787109375,-251.64295959472656,10000000.0
2,0,167,0.3314285714285714,-128.75905141557965,0.8857142857142857,17.762647855020525,-1.7213211059570312,-89.76399993896484,276.965087890625,-197.81675720214844,10000000.0
2,0,168,0.3028571428571429,-164.2427540261405,0.9257142857142857,23.2647710047851,-147.91314697265625,-77.55609130859375,326.6817626953125,-239.46180725097656,10000000.0
2,0,169,0.3028571428571429,-163.9042849077497,0.9085714285714286,20.949561913091348,2.592893600463867,-94.6961898803711,339.0108642578125,-190.2097625732422,10000000.0
2,0,170,0.3028571428571429,-144.8773232650757,0.9028571428571428,19.85313020965962,15.159998893737793,-86.80781555175781,304.6287841796875,-137.9514923095703,10000000.0
2,0,171,0.32,-156.86865590231758,0.8914285714285715,20.775875633325914,28.90999984741211,-79.38096618652344,337.812744140625,-220.21934509277344,10000000.0
2,0,172,0.38285714285714284,-147.18030410766602,0.8857142857142857,19.711211761504995,-13.544195175170898,-80.31169128417969,353.8765869140625,-231.82644653320312,10000000.0
2,0,173,0.37142857142857144,-164.5964459664481,0.88,23.73738982663097,-234.95480346679688,-91.35713958740234,372.4266662597656,-203.58914184570312,10000000.0
2,0,174,0.26857142857142857,-155.85798504420688,0.9428571428571428,24.489808245170977,-77.70267486572266,50.77289962768555,20.763805389404297,46.17973709106445,10000000.0
2,0,175,0.24571428571428572,-182.0316453061785,0.9314285714285714,23.36474103419501,-238.8245391845703,-88.51557159423828,357.9706726074219,-150.8743438720703,10000000.0
2,0,176,0.30857142857142855,-164.39161493028914,0.9142857142857143,23.921814676913513,-104.20349884033203,-91.96719360351562,342.8287658691406,-201.0648193359375,10000000.0
2,0,177,0.3028571428571429,-185.35514020102366,0.9428571428571428,25.00166925551377,-222.88876342773438,-91.95146179199219,368.9295959472656,-200.3662872314453,10000000.0
2,0,178,0.3314285714285714,-168.51997277396066,0.9314285714285714,21.473001361756182,-152.90855407714844,-89.61267852783203,361.4375915527344,-174.67185974121094,10000000.0
2,0,179,0.28,-185.51035629272462,0.9428571428571428,23.35761738572394,-155.27064514160156,-89.84880065917969,379.451171875,-136.87530517578125,10000000.0
2,0,180,0.3142857142857143,-179.07524277823313,0.9428571428571428,23.271889884158792,-230.13584899902344,-100.82203674316406,373.02288818359375,-171.12188720703125,10000000.0
2,0,181,0.2914285714285714,-167.18967399597167,0.9314285714285714,21.181733389161458,22.599998474121094,-102.26931762695312,357.27337646484375,-190.5146942138672,10000000.0
2,0,182,0.35428571428571426,-168.63221539633614,0.9028571428571428,23.0452293398871,-328.39935302734375,62.864158630371094,17.060457229614258,55.56979751586914,10000000.0
2,0,183,0.36,-154.1892967224121,0.8914285714285715,21.59907311824251,-191.63580322265625,-94.28878021240234,341.4980773925781,-178.9756622314453,10000000.0
2,0,184,0.35428571428571426,-170.73558296203612,0.9028571428571428,20.1309236590401,-307.94036865234375,15.340240478515625,368.5595397949219,-383.4682922363281,10000000.0
2,0,185,0.2857142857142857,-160.77527131216866,0.8971428571428571,21.851870500181427,-193.63616943359375,-82.34510803222656,326.12890625,-112.91510009765625,10000000.0
2,0,186,0.26857142857142857,-135.49945078168597,0.9314285714285714,17.292975190076035,-239.12928771972656,-21.580307006835938,167.98284912109375,-24.16033935546875,10000000.0
2,0,187,0.32571428571428573,-166.94334611075266,0.8971428571428571,21.781813867648165,-288.93646240234375,-91.68860626220703,362.6520690917969,-133.78329467773438,10000000.0
2,0,188,0.33714285714285713,-166.0294334084647,0.9028571428571428,21.1734172164265,-144.36160278320312,-88.36106872558594,354.9960021972656,-155.04515075683594,10000000.0
2,0,189,0.3142857142857143,-160.50925251552036,0.92,22.025732167571977,-194.09042358398438,-101.75578308105469,355.5896911621094,-164.64097595214844,10000000.0
2,0,190,0.2857142857142857,-185.9481135559082,0.9028571428571428,23.951779383354786,-242.72039794921875,-86.8157958984375,382.419921875,-126.53206634521484,10000000.0
2,0,191,0.26285714285714284,-158.01840015411378,0.9314285714285714,18.72093964647538,-145.70901489257812,40.329429626464844,52.19264221191406,37.27922058105469,10000000.0
2,0,192,0.32571428571428573,-160.33412140982492,0.9542857142857143,21.09843815389813,-211.05027770996094,-23.197654724121094,115.38372802734375,-31.396268844604492,10000000.0
2,0,193,0.32571428571428573,-178.3288212149484,0.9142857142857143,23.957252869283927,-382.46942138671875,-78.07160186767578,392.30218505859375,-106.48697662353516,10000000.0
2,0,194,0.2914285714285714,-185.66628039768764,0.9542857142857143,23.45470157366852,1.5828914642333984,-91.63877868652344,383.7954406738281,-130.0353546142578,10000000.0
2,0,195,0.2571428571428571,-145.00202264513288,0.9142857142857143,17.660307652514742,-159.47630310058594,-72.11308288574219,288.1365051269531,-94.13477325439453,10000000.0
2,0,196,0.3942857142857143,-160.82523065839496,0.9371428571428572,22.712273773341618,-206.72279357910156,-95.4869155883789,366.8899841308594,-149.22332763671875,10000000.0
2,0,197,0.2571428571428571,-168.8416951751709,0.9142857142857143,21.115183243533348,-239.39736938476562,-85.46119689941406,323.42669677734375,-130.61744689941406,10000000.0
2,0,198,0.24,-96.71535984584263,0.8628571428571429,13.892759733165747,-53.922630310058594,-54.02002716064453,201.01980590820312,-62.96317672729492,10000000.0
2,0,199,0.3142857142857143,-172.1357352774484,0.9028571428571428,22.860799416122727,-231.8174285888672,-94.70166778564453,358.4975280761719,-135.38148498535156,10000000.0
2,0,200,0.29714285714285715,-121.13315943036761,0.9085714285714286,16.574660878803737,-106.12509155273438,-0.3117492198944092,140.4245147705078,-1.394007682800293,10000000.0
2,0,201,0.3028571428571429,-172.91716980525425,0.9085714285714286,21.30638211523926,29.479999542236328,15.652080535888672,92.1555404663086,14.017252922058105,10000000.0
2,0,202,0.32571428571428573,-173.06468437194823,0.9028571428571428,21.829005533816233,-234.21737670898438,-88.18608856201172,368.5466613769531,-127.13056182861328,10000000.0
2,0,203,0.21142857142857144,-130.380536907741,0.9142857142857143,17.376975920233193,-156.11782836914062,-71.63739776611328,254.49818420410156,-87.24470520019531,10000000.0
2,0,204,0.44,-187.03820886884418,0.96,26.90678140948079,-349.96197509765625,-106.8597183227539,456.40283203125,-173.68544006347656,10000000.0
2,0,205,0.3142857142857143,-165.38880283355712,0.9485714285714286,21.71390261119819,-10.365533828735352,-93.32585906982422,351.0054016113281,-154.03787231445312,10000000.0
2,0,206,0.3314285714285714,-160.10996685573033,0.9314285714285714,21.189105040698696,-68.17134857177734,-90.33289337158203,368.6430358886719,-139.23228454589844,10000000.0
2,0,207,0.33714285714285713,-175.76863406590053,0.9028571428571428,23.261506803367794,17.099998474121094,-101.36830139160156,394.9412536621094,-156.6790771484375,10000000.0
2,0,208,0.29714285714285715,-172.85005979265486,0.9371428571428572,23.11303373721146,7.225786209106445,-98.68724060058594,368.6558837890625,-156.80874633789062,10000000.0
2,0,209,0.29714285714285715,-160.51949572426932,0.9028571428571428,22.94901186115472,-170.2530975341797,-114.18289184570312,333.4927062988281,-197.27903747558594,10000000.0
2,0,210,0.2742857142857143,-183.8324198259626,0.9085714285714286,25.386820570373747,-387.20977783203125,-97.2662582397461,386.1729736328125,-176.15426635742188,10000000.0
2,0,211,0.35428571428571426,-162.73164227076938,0.9257142857142857,21.87828787709751,-182.08438110351562,43.99970245361328,37.30672836303711,40.26023864746094,10000000.0
2,0,212,0.3485714285714286,-169.6154468536377,0.92,21.921185529561985,-195.7345733642578,-95.12371063232422,377.46478271484375,-143.60028076171875,10000000.0
2,0,213,0.29714285714285715,-174.8862124633789,0.8971428571428571,24.122862983299072,-287.96490478515625,-98.15977478027344,377.40948486328125,-156.8257293701172,10000000.0
2,0,214,0.4057142857142857,-164.50935501098633,0.9085714285714286,20.90619465158165,-276.6459045410156,-91.4228286743164,394.9275207519531,-135.0579376220703,10000000.0
2,0,215,0.32571428571428573,-138.23186807904924,0.88,18.55946558890795,-194.720458984375,10.17510986328125,81.17393493652344,7.937404632568359,10000000.0
2,0,216,0.29714285714285715,-158.7465422930036,0.9485714285714286,21.866736711909642,-30.4052791595459,-78.60033416748047,342.3370666503906,-102.64542388916016,10000000.0
2,0,217,0.28,-178.5706099482945,0.92,25.494090937363325,-77.1237564086914,-105.37895965576172,368.6583557128906,-185.07550048828125,10000000.0
2,0,218,0.36,-166.0413602393014,0.9142857142857143,23.139767253631916,-185.38406372070312,-49.115135192871094,149.1772003173828,-63.146751403808594,10000000.0
2,0,219,0.37714285714285717,-160.2585954284668,0.8971428571428571,21.19796691620973,-198.7815399169922,1.7858399152755737,138.23028564453125,1.0238969326019287,10000000.0
2,0,220,0.29714285714285715,-154.5239531489781,0.92,19.338897442035687,-246.0677032470703,-89.94407653808594,324.6873474121094,-120.72402954101562,10000000.0
2,0,221,0.34285714285714286,-169.36558268955775,0.9371428571428572,22.29869270853968,-143.09783935546875,-13.584381103515625,109.73072052001953,-17.074256896972656,10000000.0
2,0,222,0.32571428571428573,-175.88396280016218,0.88,23.073872093320855,-170.95309448242188,-107.078369140625,386.16876220703125,-188.59359741210938,10000000.0
2,0,223,0.3028571428571429,-162.7638937486921,0.9314285714285714,20.28255663378408,-210.83460998535156,-68.7016830444336,127.25047302246094,-93.84859466552734,10000000.0
2,0,224,0.35428571428571426,-186.75741959708077,0.9314285714285714,23.083233070446965,-114.64397430419922,-24.378122329711914,122.90131378173828,-38.29593276977539,10000000.0
2,0,225,0.32,-147.32772848946706,0.9142857142857143,19.492624720937325,-189.7459259033203,-77.8563232421875,315.8958740234375,-96.92080688476562,10000000.0
2,0,226,0.26857142857142857,-181.37165602547782,0.9314285714285714,22.96958130237741,-181.3969268798828,-81.91995239257812,377.4238586425781,-113.65959167480469,10000000.0
2,0,227,0.32,-162.1939620753697,0.9085714285714286,21.223465793590684,0.03999900817871094,-94.71012115478516,359.8090515136719,-140.28855895996094,10000000.0
2,0,228,0.2914285714285714,-160.58011304582868,0.9085714285714286,19.08800867915154,-154.33648681640625,-56.04936218261719,293.9324951171875,-72.42652893066406,10000000.0
2,0,229,0.33714285714285713,-174.11276322501047,0.9085714285714286,21.97210382133896,-207.56982421875,-95.46527099609375,377.4798278808594,-135.2333984375,10000000.0
2,0,230,0.26857142857142857,-169.3792442212786,0.92,22.068344349461775,-254.8533172607422,-85.60037994384766,351.0061950683594,-122.85529327392578,10000000.0
2,0,231,0.33714285714285713,-147.19296518053326,0.9085714285714286,20.79690553044184,-207.9199676513672,72.77435302734375,2.1945009231567383,63.788143157958984,10000000.0
2,0,232,0.33714285714285713,-163.79401636396136,0.9085714285714286,20.965024346259643,-251.86158752441406,74.44690704345703,2.1946780681610107,65.46101379394531,10000000.0
2,0,233,0.2742857142857143,-167.22218637738908,0.9371428571428572,21.38770301127444,-2.145284652709961,-104.08099365234375,333.534423828125,-201.60301208496094,10000000.0
2,0,234,0.30857142857142855,-169.23557832990375,0.9142857142857143,21.662985111211192,-365.36907958984375,-96.41912841796875,377.2743835449219,-141.49118041992188,10000000.0
2,0,235,0.26857142857142857,-149.4307348087856,0.8971428571428571,20.534841929082702,-208.18209838867188,-84.93544006347656,307.1176452636719,-111.53768157958984,10000000.0
2,0,236,0.3142857142857143,-169.20867192949567,0.8857142857142857,23.214567711653427,-2.5542125701904297,-85.46841430664062,368.551513671875,-130.5857391357422,10000000.0
2,0,237,0.28,-181.3993146950858,0.9657142857142857,22.609605144831498,-223.1905059814453,-101.1037826538086,368.4874572753906,-172.2158966064453,10000000.0
2,0,238,0.33714285714285713,-161.69217500959124,0.92,21.849700437807474,-203.16014099121094,-101.15998840332031,359.8415832519531,-169.8599395751953,10000000.0
2,0,239,0.3142857142857143,-140.55943026406425,0.9371428571428572,17.40166414552571,-185.03749084472656,-90.20524597167969,307.15264892578125,-142.46505737304688,10000000.0
2,0,240,0.36,-146.1373374067034,0.8742857142857143,19.588381045875046,-184.46278381347656,-81.86541748046875,351.0644836425781,-109.34149169921875,10000000.0
2,0,241,0.38857142857142857,-168.06759811401366,0.8971428571428571,20.46450976940893,24.989999771118164,-105.99702453613281,377.43310546875,-172.1026611328125,10000000.0
2,0,242,0.26285714285714284,-175.83362993512836,0.9085714285714286,22.214375935752702,-247.18186950683594,56.78544616699219,17.548023223876953,51.40540313720703,10000000.0
2,0,243,0.36,-150.45160012926374,0.8914285714285715,22.282866668412026,-256.5688781738281,-90.35639953613281,359.8724060058594,-149.78355407714844,10000000.0
2,0,244,0.33714285714285713,-184.06147359575544,0.9485714285714286,22.079422949143876,4.431573867797852,-32.6430549621582,243.51834106445312,-44.43783187866211,10000000.0
2,0,245,0.3028571428571429,-168.15232803889683,0.9428571428571428,22.882152649270246,-193.1448516845703,-89.25688171386719,368.5048522949219,-115.82789611816406,10000000.0
2,0,246,0.38285714285714284,-167.59894474029542,0.9142857142857143,21.750539325458412,28.959999084472656,-83.86127471923828,377.3164367675781,-121.66160583496094,10000000.0
2,0,247,0.37714285714285717,-156.02239606039865,0.9257142857142857,22.33153919283331,-195.0872802734375,-106.62861633300781,359.8311767578125,-180.97201538085938,10000000.0
2,0,248,0.30857142857142855,-170.47688262394496,0.88,20.88654912982957,-183.69998168945312,34.3375129699707,68.0075912475586,32.075584411621094,10000000.0
2,0,249,0.3314285714285714,-171.86334815434049,0.9085714285714286,24.811262443513613,-190.7598114013672,-66.95476531982422,386.1251220703125,-79.51069641113281,10000000.0
2,0,250,0.3485714285714286,-169.0438029044015,0.9142857142857143,20.884459367588693,-210.46762084960938,-108.23551940917969,377.24114990234375,-167.22842407226562,10000000.0
2,0,251,0.33714285714285713,-154.12758518218993,0.9028571428571428,17.523738697561875,-148.9605255126953,-88.18252563476562,342.2106018066406,-126.2413330078125,10000000.0
2,0,252,0.35428571428571426,-162.6803009033203,0.9085714285714286,20.14423087865134,24.989999771118164,54.68890380859375,21.935935974121094,49.41339874267578,10000000.0
2,0,253,0.3485714285714286,-171.22530701773508,0.8971428571428571,22.818456388471944,-288.0293884277344,-89.23442077636719,377.3651428222656,-119.52555084228516,10000000.0
2,0,254,0.38857142857142857,-182.08810610089984,0.9485714285714286,23.537333862362257,-17.441316604614258,-99.00515747070312,412.4581298828125,-158.86065673828125,10000000.0
2,0,255,0.3028571428571429,-188.68230525425503,0.8971428571428571,21.625709610385258,-239.95596313476562,33.922916412353516,41.674468994140625,31.45691680908203,10000000.0
2,0,256,0.2914285714285714,-164.83253358023507,0.9485714285714286,20.516379502729734,-265.4245910644531,68.09781646728516,10.969878196716309,60.11964797973633,10000000.0
2,0,257,0.36,-153.27063812255858,0.88,19.91081285096544,-320.350830078125,20.55365753173828,46.048702239990234,18.788265228271484,10000000.0
2,0,258,0.3657142857142857,-163.11900876726423,0.9085714285714286,23.574632971038987,-217.50999450683594,-77.30834197998047,368.44757080078125,-103.98209381103516,10000000.0
2,0,259,0.32571428571428573,-146.32476866585867,0.8971428571428571,18.601089662359513,-221.45059204101562,-100.44976043701172,324.5006103515625,-175.63632202148438,10000000.0
2,0,260,0.3485714285714286,-168.0554890550886,0.9257142857142857,21.760332767924986,27.232892990112305,-86.33145904541016,386.0669250488281,-130.30453491210938,10000000.0
2,0,261,0.26857142857142857,-158.3473025403704,0.9028571428571428,19.709914407613912,-211.2849884033203,-84.82406616210938,324.681884765625,-116.83403015136719,10000000.0
2,0,262,0.28,-182.50631035940987,0.9485714285714286,22.695971418841122,-205.72439575195312,71.98165130615234,2.1939406394958496,62.99755096435547,10000000.0
2,0,263,0.3028571428571429,-182.35415128435406,0.9371428571428572,21.57590066781538,-211.38442993164062,-92.99089050292969,377.26922607421875,-126.39813232421875,10000000.0
2,0,264,0.3314285714285714,-167.13570288521902,0.9257142857142857,22.110218845789735,-143.47071838378906,-98.53533935546875,377.2583312988281,-147.7469940185547,10000000.0
2,0,265,0.34285714285714286,-165.99753494262694,0.9314285714285714,22.887076624816732,-27.4884090423584,-90.45234680175781,368.5107116699219,-128.54708862304688,10000000.0
2,0,266,0.36,-184.41743883405414,0.9314285714285714,25.74135744672056,-342.0719909667969,-58.33586120605469,388.28399658203125,-73.51329040527344,10000000.0
2,0,267,0.28,-173.12127346038818,0.9371428571428572,22.451945300101308,-168.7072296142578,-85.26949310302734,368.5467834472656,-111.84957885742188,10000000.0
2,0,268,0.30857142857142855,-179.28542639596122,0.9085714285714286,24.661850168537796,-300.59051513671875,-102.78311157226562,386.0650939941406,-155.31039428710938,10000000.0
2,0,269,0.3142857142857143,-180.32924060276576,0.9657142857142857,22.1026579500684,-392.552001953125,-95.07644653320312,394.6935119628906,-131.64651489257812,10000000.0
2,0,270,0.37714285714285717,-163.75700598580497,0.8914285714285715,22.252496981158636,-204.17697143554688,-84.63990783691406,386.07379150390625,-118.3080825805664,10000000.0
2,0,271,0.34285714285714286,-162.16452503204346,0.9028571428571428,22.51873510823594,17.6299991607666,-77.54143524169922,359.6422424316406,-103.41355895996094,10000000.0
2,0,272,0.26857142857142857,-184.41133880070277,0.9314285714285714,23.664029314709936,-278.3591003417969,-78.44828033447266,386.0494384765625,-97.5752944946289,10000000.0
2,0,273,0.32571428571428573,-179.88947387695313,0.9085714285714286,24.93363494752315,-240.08575439453125,56.23692321777344,26.32547950744629,51.020389556884766,10000000.0
2,0,274,0.36,-187.1764091164725,0.8857142857142857,24.99020899611002,-332.80474853515625,2.772324800491333,74.56148529052734,1.5585453510284424,10000000.0
2,0,275,0.36,-175.87057494027275,0.9028571428571428,19.16772197135795,-308.2732238769531,-45.827327728271484,162.33743286132812,-60.02076721191406,10000000.0
2,0,276,0.37142857142857144,-151.5242356327602,0.9028571428571428,19.03612128326078,-37.259735107421875,-90.83870697021484,333.4248046875,-138.14906311035156,10000000.0
2,0,277,0.2914285714285714,-175.93683432442802,0.92,20.78171643474966,-217.1102752685547,-90.67890167236328,368.4997253417969,-127.64755249023438,10000000.0
2,0,278,0.36,-163.64911427089146,0.88,23.178230706962413,-245.45176696777344,-83.285888671875,368.48876953125,-119.7338638305664,10000000.0
2,0,279,0.33714285714285713,-126.2756211090088,0.8971428571428571,17.27131563879029,12.482891082763672,-104.0470962524414,280.6365661621094,-176.64097595214844,10000000.0
2,0,280,0.37142857142857144,-158.9020177950178,0.9142857142857143,20.200081205442547,-6.418420791625977,-107.0860595703125,368.5244140625,-173.57455444335938,10000000.0
2,0,281,0.32571428571428573,-161.47824986594063,0.9542857142857143,21.533215652072794,-193.048828125,-34.437660217285156,100.91944885253906,-41.524017333984375,10000000.0
2,0,282,0.2857142857142857,-177.36651913779122,0.9028571428571428,21.512540339839116,24.989999771118164,-90.28961944580078,350.75311279296875,-124.62065887451172,10000000.0
2,0,283,0.22857142857142856,-204.58494894845145,0.92,26.387508202533656,-23.836816787719727,-95.19534301757812,403.4033203125,-143.825927734375,10000000.0
2,0,284,0.3142857142857143,-149.91038325718472,0.8914285714285715,18.64673276141307,-210.5691680908203,-91.64895629882812,315.85406494140625,-138.37307739257812,10000000.0
2,0,285,0.2857142857142857,-172.96123800550188,0.9257142857142857,20.863446931887108,-178.4590301513672,-102.7811508178711,351.0002746582031,-196.61569213867188,10000000.0
2,0,286,0.32571428571428573,-142.86765096391952,0.9085714285714286,19.42111750455764,-212.68052673339844,-41.8735466003418,175.43878173828125,-53.82576370239258,10000000.0
2,0,287,0.26857142857142857,-172.86255296979633,0.9428571428571428,23.59461212274011,-248.11474609375,-89.77391815185547,359.7146911621094,-132.0868377685547,10000000.0
2,0,288,0.29714285714285715,-199.8836816242763,0.96,25.243240242987248,-255.12733459472656,-95.25553894042969,331.2129821777344,-210.3487548828125,10000000.0
2,0,289,0.2342857142857143,-176.30309467315675,0.9085714285714286,20.138473990808443,-217.1787872314453,-98.69795227050781,341.98223876953125,-150.98631286621094,10000000.0
2,0,290,0.3142857142857143,-158.90798986707415,0.9428571428571428,21.434856007671133,-176.3088836669922,-80.54471588134766,324.4042663574219,-103.20083618164062,10000000.0
2,0,291,0.32571428571428573,-184.64520574297225,0.9314285714285714,26.14865388329298,24.979999542236328,-58.54365921020508,203.92437744140625,-88.19656372070312,10000000.0
2,0,292,0.26285714285714284,-185.7176565006801,0.9028571428571428,21.20784468517315,-175.2830352783203,-53.810447692871094,157.94210815429688,-69.70411682128906,10000000.0
2,0,293,0.26857142857142857,-178.3142413493565,0.92,22.19356342991366,-171.00732421875,-95.29170227050781,350.9560241699219,-144.42376708984375,10000000.0
2,0,294,0.32571428571428573,-143.4636420222691,0.84,18.18582882860087,29.989999771118164,-102.52960968017578,324.4697265625,-177.4531707763672,10000000.0
2,0,295,0.29714285714285715,-86.92794708251954,0.8342857142857143,11.265575145675985,-55.052101135253906,-67.6302490234375,184.23382568359375,-91.35474395751953,10000000.0
2,0,296,0.26857142857142857,-179.77702028002057,0.9142857142857143,23.70498378955029,-158.69439697265625,-95.13008880615234,350.8550109863281,-152.56809997558594,10000000.0
2,0,297,0.37142857142857144,-176.01251092093332,0.8857142857142857,22.28964869897128,-196.1155242919922,53.937095642089844,26.326454162597656,49.05500793457031,10000000.0
2,0,298,0.26285714285714284,-212.02529312678746,0.9028571428571428,22.816184460717118,-234.63113403320312,-102.01412963867188,412.40643310546875,-144.61647033691406,10000000.0
2,0,299,0.3028571428571429,-191.8540993935721,0.9428571428571428,23.827584581470916,-360.2705078125,57.09385299682617,17.535646438598633,51.57628631591797,10000000.0
2,0,300,0.28,-148.3565655190604,0.9142857142857143,23.770285129518214,-52.87995910644531,-73.99932861328125,359.7408142089844,-93.29402923583984,10000000.0
2,0,301,0.24571428571428572,-138.51121377127512,0.9085714285714286,20.434486759256398,-62.22996520996094,64.07311248779297,2.194101333618164,57.880672454833984,10000000.0
2,0,302,0.29714285714285715,-159.03412373134069,0.9257142857142857,25.54638407134634,-67.21995544433594,-105.6728515625,385.90216064453125,-215.4931182861328,10000000.0
2,0,303,0.28,-155.02078461238315,0.9142857142857143,21.33464820893923,-54.65995788574219,5.838123321533203,151.2688446044922,3.6040802001953125,10000000.0
2,0,304,0.22285714285714286,-120.62334849221365,0.92,18.215404877776855,-41.10997009277344,58.63329315185547,19.735637664794922,53.06708908081055,10000000.0
2,0,305,0.2857142857142857,-123.55006811959403,0.92,20.071370327250023,-43.91996765136719,-86.04396057128906,298.3338317871094,-117.66206359863281,10000000.0
2,0,306,0.35428571428571426,-147.32623876299178,0.9085714285714286,22.94979996430771,-60.02995300292969,6.2168779373168945,107.5101547241211,5.212870121002197,10000000.0
2,0,307,0.2914285714285714,-173.47891111101424,0.9028571428571428,26.924086422672648,-58.77995300292969,-108.0921859741211,403.7054748535156,-181.12026977539062,10000000.0
2,0,308,0.2571428571428571,-133.6284978594099,0.9028571428571428,20.64758750069806,-45.97996520996094,64.56922149658203,13.161893844604492,57.4097900390625,10000000.0
2,0,309,0.33714285714285713,-130.41250816345215,0.88,22.845424849394433,-50.59996032714844,-97.90306091308594,350.811279296875,-153.3476104736328,10000000.0
2,0,310,0.30857142857142855,-142.0102169908796,0.8914285714285715,22.576034905348514,29.979999542236328,-99.17989349365234,368.62469482421875,-161.83338928222656,10000000.0
2,0,311,0.3028571428571429,-148.76629976000103,0.9257142857142857,21.860106930303303,-52.87995910644531,-69.72246551513672,359.7486572265625,-86.66835021972656,10000000.0
2,0,312,0.26285714285714284,-91.02050399780273,0.8742857142857143,14.995461105654384,-33.39997863769531,-62.938575744628906,219.2921905517578,-79.06544494628906,10000000.0
2,0,313,0.21714285714285714,-156.46113477434432,0.9371428571428572,25.514923399961667,-53.90995788574219,-111.22018432617188,368.5517272949219,-192.99075317382812,10000000.0
2,0,314,0.2742857142857143,-170.82206545148577,0.9371428571428572,24.330911508659412,-93.49995422363281,-87.69660186767578,394.6712646484375,-174.17489624023438,10000000.0
2,0,315,0.30857142857142855,-121.07407185145787,0.8914285714285715,19.627759608322364,-60.44996643066406,-91.218994140625,307.0437316894531,-122.11581420898438,10000000.0
2,0,316,0.33714285714285713,-145.62085432870046,0.8685714285714285,19.458702838673233,-57.90995788574219,-100.79498291015625,368.61785888671875,-163.0746612548828,10000000.0
2,0,317,0.26285714285714284,-160.40315817696708,0.9257142857142857,24.938453507810802,-54.68995666503906,-100.7781982421875,377.1735534667969,-165.5586395263672,10000000.0
2,0,318,0.3028571428571429,-161.50806094033376,0.9428571428571428,28.02636886518769,-76.24996185302734,-108.60637664794922,394.88189697265625,-173.8108367919922,10000000.0
2,0,319,0.25142857142857145,-149.90759687696183,0.9085714285714286,24.920721473523777,-84.90995788574219,17.577953338623047,78.94941711425781,16.413982391357422,10000000.0
2,0,320,0.3028571428571429,-151.00699989318846,0.8971428571428571,21.921350095233773,-53.84996032714844,-72.98574829101562,351.0018615722656,-88.48023223876953,10000000.0
2,0,321,0.28,-153.7527350997925,0.8914285714285715,24.43877729616155,-53.90995788574219,40.514373779296875,30.70094108581543,36.807804107666016,10000000.0
2,0,322,0.3314285714285714,-138.61533586774553,0.9085714285714286,22.257487626829388,-51.31996154785156,70.63380432128906,2.194369077682495,61.80315399169922,10000000.0
2,0,323,0.3314285714285714,-150.2183608027867,0.8857142857142857,24.18386171074896,-88.46995544433594,49.21421813964844,26.324399948120117,45.04180145263672,10000000.0
2,0,324,0.2857142857142857,-149.01146818978447,0.9428571428571428,24.6778987386105,-54.40995788574219,-82.94956970214844,368.4662780761719,-120.27305603027344,10000000.0
2,0,325,0.2857142857142857,-121.41269912719727,0.88,20.41108160290248,-46.97996520996094,-7.41398286819458,170.95083618164062,-10.918607711791992,10000000.0
2,0,326,0.2742857142857143,-146.20178519112724,0.8514285714285714,23.06142321234714,-49.31996154785156,-73.12229919433594,315.96783447265625,-108.4825668334961,10000000.0
2,0,327,0.2571428571428571,-167.12899540492467,0.9371428571428572,24.316752896619604,-56.46995544433594,-91.47381591796875,386.1742248535156,-197.08334350585938,10000000.0
2,0,328,0.24,-123.4196316092355,0.9085714285714286,18.849818029776014,-44.88996887207031,-8.363733291625977,140.40057373046875,-11.441438674926758,10000000.0
2,0,329,0.2914285714285714,-157.17352331978935,0.8742857142857143,24.272037358570525,-55.96995544433594,-59.97691345214844,344.1568908691406,-80.22725677490234,10000000.0
2,0,330,0.2857142857142857,-139.84509895324706,0.8971428571428571,21.873541145840168,-86.62995910644531,60.600467681884766,30.679685592651367,54.48072814941406,10000000.0
2,0,331,0.33714285714285713,-136.65654475620815,0.9257142857142857,21.486992969679733,-50.06996154785156,-33.22212219238281,168.8772735595703,-48.07021713256836,10000000.0
2,0,332,0.30857142857142855,-141.7886389378139,0.8971428571428571,20.717619729437512,-50.59996032714844,-105.62896728515625,350.9754943847656,-173.1004638671875,10000000.0
2,0,333,0.26285714285714284,-148.81615148271834,0.9085714285714286,22.771930967759147,-85.90995788574219,-97.09339904785156,368.2107849121094,-150.48739624023438,10000000.0
2,0,334,0.2571428571428571,-165.63833278111048,0.9314285714285714,28.12813317585832,-57.99995422363281,44.78239440917969,46.074501037597656,41.263423919677734,10000000.0
2,0,335,0.24,-157.42425272260394,0.9371428571428572,24.851917769964473,-53.40995788574219,-58.335166931152344,261.06591796875,-77.05225372314453,10000000.0
2,0,336,0.22285714285714286,-137.46276363917758,0.9142857142857143,19.979901229645932,-69.47997283935547,-92.66868591308594,315.6644592285156,-134.8360137939453,10000000.0
2,0,337,0.2857142857142857,-135.05436668395996,0.9028571428571428,21.782726710716187,-49.56996154785156,-94.09565734863281,342.1502685546875,-140.79550170898438,10000000.0
2,0,338,0.25142857142857145,-157.13253774915424,0.9028571428571428,23.015755893425954,-58.62995910644531,14.789102554321289,92.15476989746094,12.456583023071289,10000000.0
2,0,339,0.26285714285714284,-151.59737823486327,0.9142857142857143,25.601879893662137,-55.43995666503906,-93.75628662109375,376.95147705078125,-130.71075439453125,10000000.0
2,0,340,0.3485714285714286,-144.25386155264718,0.9085714285714286,23.243997524679553,-77.40995788574219,-88.66920471191406,368.33380126953125,-121.4854736328125,10000000.0
2,0,341,0.2342857142857143,-113.25682716914585,0.9085714285714286,16.424498569591005,-37.79997253417969,-73.74077606201172,263.2137756347656,-92.41609954833984,10000000.0
2,0,342,0.25142857142857145,-158.82311076572964,0.9257142857142857,25.312930117501548,-54.15995788574219,-3.7191028594970703,74.5862045288086,-7.577004432678223,10000000.0
2,0,343,0.25142857142857145,-156.32414680480957,0.9257142857142857,23.535348961000064,-52.12995910644531,0.9365520477294922,131.64031982421875,-0.9237362742424011,10000000.0
2,0,344,0.35428571428571426,-141.93511166163853,0.8742857142857143,22.436942866630115,-56.46995544433594,-44.043174743652344,146.9322052001953,-57.777217864990234,10000000.0
2,0,345,0.30857142857142855,-147.18772384643555,0.88,23.297603229697025,-64.15995788574219,-98.50209045410156,368.4202575683594,-164.0408172607422,10000000.0
2,0,346,0.28,-159.4141814967564,0.8628571428571429,23.511766114210364,-56.96995544433594,54.74490737915039,28.518951416015625,49.748722076416016,10000000.0
2,0,347,0.2571428571428571,-163.4758911350795,0.9142857142857143,24.8247283179225,-56.18995666503906,-39.02837371826172,201.8790283203125,-49.43022918701172,10000000.0
2,0,348,0.32,-166.5834578159877,0.9257142857142857,26.391917297455112,-75.77995300292969,-98.75272369384766,403.3538513183594,-149.9876251220703,10000000.0
2,0,349,0.28,-126.02109216962542,0.8914285714285715,21.222783562230568,-75.78996276855469,-56.2920036315918,333.4567565917969,-63.68204879760742,10000000.0
2,0,350,0.26285714285714284,-161.9397495487758,0.9485714285714286,23.972803821078337,-60.93995666503906,-83.742919921875,377.1337585449219,-115.64306640625,10000000.0
2,0,351,0.2057142857142857,-124.02248640332903,0.9028571428571428,17.610349044014075,-40.60997009277344,-98.14099884033203,280.8277282714844,-176.77789306640625,10000000.0
2,0,352,0.3028571428571429,-150.25270981924874,0.8914285714285715,25.801082902006467,-56.46995544433594,-49.39992141723633,186.50511169433594,-64.67909240722656,10000000.0
2,0,353,0.3657142857142857,-129.77058322906495,0.84,20.84582040457817,-54.84996032714844,-100.11678314208984,350.8028869628906,-182.7771759033203,10000000.0
2,0,354,0.28,-156.86441858564103,0.9142857142857143,21.55964469484323,-54.15995788574219,-90.57232666015625,368.470947265625,-132.75343322753906,10000000.0
2,0,355,0.30857142857142855,-130.82597211020334,0.8285714285714286,19.498609242705736,-74.00996398925781,-29.899757385253906,155.74888610839844,-39.0479736328125,10000000.0
2,0,356,0.2857142857142857,-153.52733482360838,0.9371428571428572,24.15070520201965,-91.87995910644531,-103.07991027832031,359.75592041015625,-189.0999298095703,10000000.0
2,0,357,0.3028571428571429,-112.37335113525391,0.8171428571428572,18.269155421528094,-42.91996765136719,-80.71539306640625,298.4346923828125,-109.4613037109375,10000000.0
2,0,358,0.26857142857142857,-169.58172350202287,0.8971428571428571,22.395160986130215,-60.52995300292969,-42.348602294921875,85.5784683227539,-60.86957931518555,10000000.0
2,0,359,0.2571428571428571,-106.22968161991665,0.9257142857142857,17.369634883513218,-35.23997497558594,-79.5799331665039,245.59986877441406,-98.44356536865234,10000000.0
2,0,360,0.3485714285714286,-131.67512217930386,0.92,23.607217642140853,-52.62995910644531,-70.83685302734375,359.75567626953125,-96.12632751464844,10000000.0
2,0,361,0.26285714285714284,-166.466631061009,0.8971428571428571,23.123295892716055,-55.71995544433594,49.3303108215332,59.20948791503906,45.111228942871094,10000000.0
2,0,362,0.25142857142857145,-113.67086759294783,0.8514285714285714,17.4227408014237,-54.35996627807617,-84.79523468017578,280.8481140136719,-115.62025451660156,10000000.0
2,0,363,0.2571428571428571,-166.29916049957276,0.9257142857142857,25.441742611485008,-57.24995422363281,-87.53831481933594,234.7093048095703,-158.18115234375,10000000.0
2,0,364,0.28,-165.7712420327323,0.9142857142857143,28.17686202607603,-59.27995300292969,-100.07392883300781,403.6161193847656,-158.74986267089844,10000000.0
2,0,365,0.2342857142857143,-127.71978925432478,0.9371428571428572,19.89089377723995,-45.19996643066406,-77.19017028808594,307.2294006347656,-107.22254943847656,10000000.0
2,0,366,0.2571428571428571,-127.94034367152622,0.9142857142857143,19.63611818256931,-44.41996765136719,-79.30255126953125,298.12200927734375,-99.54843139648438,10000000.0
2,0,367,0.29714285714285715,-143.91302422659737,0.9314285714285714,22.68597636803944,-54.59996032714844,-98.23635864257812,350.9660949707031,-264.9781494140625,10000000.0
2,0,368,0.33714285714285713,-129.98898476736886,0.8914285714285715,20.703884685072655,-52.87995910644531,-19.682037353515625,85.58837890625,-22.080677032470703,10000000.0
2,0,369,0.24,-155.94403240203857,0.9371428571428572,23.33487846759364,-51.87995910644531,-73.669189453125,359.681640625,-99.38239288330078,10000000.0
2,0,370,0.2857142857142857,-143.40005138397217,0.8742857142857143,21.085861477499385,-52.59996032714844,-56.21785354614258,212.7896270751953,-77.94519805908203,10000000.0
2,0,371,0.29714285714285715,-149.2770899799892,0.92,22.454121195536427,-90.71995544433594,-95.17517852783203,385.7481689453125,-135.31875610351562,10000000.0
2,0,372,0.24571428571428572,-167.09514166695732,0.9085714285714286,23.849222865799884,-55.71995544433594,-19.47199249267578,236.8027801513672,-24.774690628051758,10000000.0
2,0,373,0.32,-140.11973195757184,0.88,22.19015895415382,-54.90995788574219,-9.40147876739502,142.4940643310547,-10.679487228393555,10000000.0
2,0,374,0.2742857142857143,-155.08773936680385,0.9257142857142857,23.69770376508688,-53.40995788574219,-110.90157318115234,368.62109375,-193.40174865722656,10000000.0
2,0,375,0.3028571428571429,-141.87096009390694,0.8457142857142858,23.339598167017616,-54.68996047973633,-3.792982578277588,98.73371124267578,-7.001884937286377,10000000.0
2,0,376,0.3485714285714286,-170.09758749280658,0.88,24.46559831701193,-67.95994567871094,-97.074951171875,456.4146728515625,-142.98912048339844,10000000.0
2,0,377,0.2857142857142857,-140.61887011936733,0.9085714285714286,22.53777500845347,-52.87995910644531,-76.53582000732422,359.45672607421875,-95.22207641601562,10000000.0
2,0,378,0.2742857142857143,-140.6162472970145,0.88,22.565124491008525,-55.62995910644531,-70.78482055664062,359.7125549316406,-84.4290542602539,10000000.0
2,0,379,0.29714285714285715,-155.82298853737967,0.92,24.379771357526213,-56.96995544433594,68.10226440429688,15.356208801269531,60.413970947265625,10000000.0
2,0,380,0.26285714285714284,-117.56582011631556,0.8685714285714285,19.805633892407002,-40.85997009277344,59.41236877441406,37.28434753417969,53.715667724609375,10000000.0
2,0,381,0.2914285714285714,-140.93822454180037,0.8914285714285715,23.55979762769846,29.979999542236328,-41.97517395019531,116.24552154541016,-51.77210998535156,10000000.0
2,0,382,0.29714285714285715,-151.66640004839215,0.8742857142857143,23.686034242124983,-54.43995666503906,-99.5491943359375,377.17266845703125,-139.3668975830078,10000000.0
2,0,383,0.25142857142857145,-132.68260219029017,0.9085714285714286,20.32772320411418,-44.94997024536133,-28.98993492126465,109.70002746582031,-35.694766998291016,10000000.0
2,0,384,0.29714285714285715,-149.5952752685547,0.8857142857142857,21.503125171752327,-54.65995788574219,6.770772933959961,138.16433715820312,4.874414920806885,10000000.0
2,0,385,0.24,-146.1081673703875,0.92,20.517694433029924,-71.75997161865234,-104.10086059570312,324.3712158203125,-159.8042449951172,10000000.0
2,0,386,0.32571428571428573,-125.11670175824847,0.9028571428571428,19.304854747128402,-76.78996276855469,-91.95701599121094,333.434814453125,-124.0184097290039,10000000.0
2,0,387,0.3142857142857143,-128.67475095476422,0.8857142857142857,22.779847752368763,-51.3499641418457,-39.739654541015625,245.5307159423828,-59.6824951171875,10000000.0
2,0,388,0.3142857142857143,-159.58006374904087,0.92,23.841770964010678,-58.49995422363281,-92.54322814941406,394.8282165527344,-139.37799072265625,10000000.0
2,0,389,0.33714285714285713,-145.4474948120117,0.9028571428571428,21.838191517964972,-54.68995666503906,57.89130783081055,35.08807373046875,52.259315490722656,10000000.0
2,0,390,0.3142857142857143,-156.31570492880684,0.8914285714285715,24.42490526367401,-56.96995544433594,-85.37120056152344,385.95635986328125,-118.20455169677734,10000000.0
2,0,391,0.2742857142857143,-151.1457541002546,0.8971428571428571,22.537234922970036,-51.87995910644531,-21.461185455322266,168.9669952392578,-27.399961471557617,10000000.0
2,0,392,0.29714285714285715,-152.03896094185964,0.8685714285714285,22.306769543426967,-53.40995788574219,-89.03500366210938,368.5848693847656,-142.87400817871094,10000000.0
2,0,393,0.2914285714285714,-139.0227947998047,0.92,20.369171358397367,-77.34996032714844,-83.58177185058594,350.5649108886719,-108.4091567993164,10000000.0
2,0,394,0.26285714285714284,-169.3941230392456,0.8971428571428571,25.252175377652435,-58.52995300292969,-93.31981658935547,403.31085205078125,-135.86439514160156,10000000.0
2,0,395,0.2914285714285714,-161.9242748260498,0.9142857142857143,26.57840057221844,-57.99995422363281,-102.64287567138672,394.1779479980469,-176.0699920654297,10000000.0
2,0,396,0.3028571428571429,-157.5104056440081,0.8914285714285715,24.60106768227019,-68.90995788574219,-101.58759307861328,368.570068359375,-206.54263305664062,10000000.0
2,0,397,0.30857142857142855,-155.31322855268206,0.8971428571428571,22.60345431902907,-57.49995422363281,-100.20553588867188,394.40350341796875,-191.4634246826172,10000000.0
2,0,398,0.3485714285714286,-139.6174230793544,0.84,22.483616863144146,-96.43995666503906,-107.89801788330078,377.37371826171875,-174.2278594970703,10000000.0
2,0,399,0.3314285714285714,-149.8588939993722,0.9028571428571428,23.221117271175125,-56.96995544433594,-68.6805419921875,309.1026916503906,-101.87262725830078,10000000.0
2,0,400,0.16,-129.6954482269287,0.9142857142857143,28.107653156796015,-54.93995666503906,-102.9148941040039,376.77520751953125,-172.7184295654297,10000000.0
2,0,401,0.19428571428571428,-124.3340796661377,0.8571428571428571,24.494388376020236,-57.21995544433594,-86.7577133178711,385.9573059082031,-115.40267181396484,10000000.0
2,0,402,0.19428571428571428,-112.85644379752023,0.8742857142857143,22.82634716592413,-49.81996154785156,-76.2203598022461,341.7604064941406,-93.75148010253906,10000000.0
2,0,403,0.18857142857142858,-134.98790630885532,0.8571428571428571,30.922287300001585,-59.55995178222656,-92.5966567993164,412.4974670410156,-135.93946838378906,10000000.0
2,0,404,0.24,-110.71797253199986,0.7771428571428571,23.03079849433578,-63.87996292114258,-69.74459838867188,267.4732666015625,-101.39208984375,10000000.0
2,0,405,0.18285714285714286,-127.26413137163435,0.8285714285714286,23.371879799322564,-93.40995788574219,59.304317474365234,2.194544792175293,53.109527587890625,10000000.0
2,0,406,0.17142857142857143,-77.5401543535505,0.8628571428571429,16.22823642139962,-31.399978637695312,-18.2679386138916,157.77647399902344,-23.849899291992188,10000000.0
2,0,407,0.1657142857142857,-128.50506014142718,0.8571428571428571,26.52347653812271,-55.68995666503906,-106.205322265625,376.58404541015625,-217.68080139160156,10000000.0
2,0,408,0.17714285714285713,-128.51190512520927,0.8514285714285714,26.27278858910659,-55.93996047973633,7.949884414672852,125.08113098144531,6.33432674407959,10000000.0
2,0,409,0.21142857142857144,-118.07347531999861,0.8685714285714285,26.76114481568958,-56.46995544433594,-86.47808837890625,385.52166748046875,-128.33457946777344,10000000.0
2,0,410,0.21142857142857144,-115.81622512272426,0.8514285714285714,22.266762856191427,-52.34996032714844,-86.54727172851562,350.9112854003906,-119.14962768554688,10000000.0
2,0,411,0.19428571428571428,-125.23302810668946,0.8971428571428571,25.53109639530282,-55.15996170043945,61.52611541748047,2.1944491863250732,54.864681243896484,10000000.0
2,0,412,0.21714285714285714,-112.76616763523647,0.8,24.638252764689433,-54.93996047973633,-99.1141357421875,377.11798095703125,-161.63226318359375,10000000.0
2,0,413,0.19428571428571428,-101.09024245125907,0.8114285714285714,21.855875323799328,-55.94996643066406,-51.228885650634766,236.9703826904297,-65.93417358398438,10000000.0
2,0,414,0.17142857142857143,-98.01456702096122,0.8971428571428571,22.730177209256908,-43.16996765136719,-75.24038696289062,298.21453857421875,-96.78582763671875,10000000.0
2,0,415,0.22285714285714286,-131.86507257734027,0.8742857142857143,30.125884671130137,-59.55995178222656,21.76028823852539,74.54003143310547,19.847431182861328,10000000.0
2,0,416,0.24571428571428572,-118.18150428771973,0.8571428571428571,30.008284733801784,-59.02995300292969,-13.233811378479004,166.66497802734375,-16.389402389526367,10000000.0
2,0,417,0.22285714285714286,-127.24734483991351,0.7485714285714286,26.921252620794615,-56.21995544433594,-103.43789672851562,386.1897888183594,-228.1612091064453,10000000.0
2,0,418,0.22857142857142856,-95.47588701520647,0.8171428571428572,21.676554070100728,-44.44996643066406,-99.6572494506836,306.9347839355469,-153.4022674560547,10000000.0
2,0,419,0.17714285714285713,-121.16044956752232,0.8457142857142858,23.528491471141393,-52.87995910644531,-98.60094451904297,359.11871337890625,-148.81765747070312,10000000.0
2,0,420,0.2342857142857143,-105.67243832179479,0.7771428571428571,23.956891030285988,-52.34996032714844,-29.176471710205078,177.43507385253906,-34.73869323730469,10000000.0
2,0,421,0.26857142857142857,-102.34806918552944,0.8285714285714286,23.624960092385955,-50.84996032714844,-50.681400299072266,275.87725830078125,-64.37004852294922,10000000.0
2,0,422,0.21714285714285714,-122.61965427943639,0.88,26.84571814767968,-58.24995422363281,5.462983131408691,153.49044799804688,4.068736553192139,10000000.0
2,0,423,0.1657142857142857,-105.91807055882045,0.8685714285714285,22.38130278902477,-65.44996643066406,-108.54071044921875,307.1707458496094,-276.3148498535156,10000000.0
2,0,424,0.24571428571428572,-115.35573359898159,0.8171428571428572,24.740331532146655,-54.15995788574219,23.24673080444336,118.38105773925781,22.42197608947754,10000000.0
2,0,425,0.26857142857142857,-111.13723181043352,0.8742857142857143,27.887775987588018,-55.43995666503906,-91.4694595336914,376.8666076660156,-168.62002563476562,10000000.0
2,0,426,0.2057142857142857,-107.56647325788225,0.8685714285714285,25.91771419381149,-50.56996154785156,-64.38179779052734,342.1644287109375,-75.67682647705078,10000000.0
2,0,427,0.21142857142857144,-100.1840274810791,0.88,25.23696859126746,-50.03996276855469,-18.701007843017578,78.96479034423828,-25.935291290283203,10000000.0
2,0,428,0.18285714285714286,-129.74279163905553,0.8457142857142858,28.08820482218979,-55.71995544433594,-94.55958557128906,385.9530944824219,-135.53799438476562,10000000.0
2,0,429,0.26285714285714284,-117.93574883597238,0.7714285714285715,23.452114627332964,-65.93995666503906,-20.131107330322266,131.5966796875,-34.30463790893555,10000000.0
2,0,430,0.24571428571428572,-105.51441712515695,0.76,26.048515419037738,-54.68995666503906,-67.04340362548828,377.1113586425781,-80.05858612060547,10000000.0
2,0,431,0.18285714285714286,-129.13659834725516,0.8057142857142857,27.529817142614327,-56.21995544433594,-101.162841796875,386.1365051269531,-226.37957763671875,10000000.0
2,0,432,0.19428571428571428,-127.00241450173515,0.84,25.937589567239506,-55.71995544433594,-84.4639892578125,385.4931640625,-119.843505859375,10000000.0
2,0,433,0.25142857142857145,-117.75680488586426,0.8571428571428571,25.91743913366746,-55.71995544433594,-103.61792755126953,385.9613342285156,-193.6562957763672,10000000.0
2,0,434,0.21714285714285714,-116.49014050074986,0.8571428571428571,26.699008624428792,-61.4399528503418,-94.85614776611328,377.2130432128906,-131.8687744140625,10000000.0
2,0,435,0.24571428571428572,-96.06374750954764,0.8514285714285714,21.743294534106465,-44.94996643066406,-99.16822814941406,307.11260986328125,-160.9660186767578,10000000.0
2,0,436,0.18857142857142858,-94.08680568695068,0.88,19.10530238351751,-41.63996887207031,73.75241088867188,6.577123641967773,64.84867095947266,10000000.0
2,0,437,0.22285714285714286,-115.5112627192906,0.8285714285714286,24.927903548898414,-56.90995788574219,72.99231719970703,2.192267656326294,63.88947677612305,10000000.0
2,0,438,0.21142857142857144,-130.3009257016863,0.8628571428571429,27.151224304324014,-99.46995544433594,-108.67449951171875,386.0281066894531,-208.29922485351562,10000000.0
2,0,439,0.19428571428571428,-107.46597497122629,0.8285714285714286,22.127338642732273,-78.22996520996094,-64.72625732421875,315.5335388183594,-75.4380111694336,10000000.0
2,0,440,0.17142857142857143,-141.78945981706892,0.8971428571428571,31.02462236363077,-58.77995300292969,-106.83519744873047,403.2653503417969,-189.1737823486328,10000000.0
2,0,441,0.18285714285714286,-116.59746078491212,0.88,25.740797816375967,-63.90995788574219,3.1117658615112305,69.94837188720703,0.19527804851531982,10000000.0
2,0,442,0.2057142857142857,-113.49768229893276,0.8628571428571429,23.364857637158142,-51.87995910644531,-90.17583465576172,359.7049255371094,-131.6600341796875,10000000.0
2,0,443,0.2,-102.09725241524832,0.8342857142857143,23.975503367479714,-50.81996154785156,-74.63321685791016,342.2485656738281,-95.83000946044922,10000000.0
2,0,444,0.18857142857142858,-127.83818963187082,0.8628571428571429,26.774581595514693,-55.96995544433594,-90.74188232421875,385.78118896484375,-127.06958770751953,10000000.0
2,0,445,0.19428571428571428,-111.15634935651507,0.8628571428571429,21.563217583262663,-52.59996032714844,-101.37930297851562,350.86724853515625,-151.30587768554688,10000000.0
2,0,446,0.2057142857142857,-118.29681255885534,0.88,25.131304312120264,-54.40995788574219,-102.80077362060547,368.08197021484375,-182.4264678955078,10000000.0
2,0,447,0.21142857142857144,-117.49337307521274,0.9257142857142857,26.864108190723226,-60.40995788574219,-68.26930236816406,368.6211242675781,-85.0264892578125,10000000.0
2,0,448,0.21142857142857144,-122.41595222473144,0.88,25.661033293015652,-55.71995544433594,-96.4664306640625,386.13970947265625,-144.45452880859375,10000000.0
2,0,449,0.2,-112.84181689126152,0.9028571428571428,23.011392623691602,-68.34996032714844,-98.93714141845703,350.9377746582031,-161.11685180664062,10000000.0
2,0,450,0.21714285714285714,-104.72367947169712,0.84,23.489996111824684,29.979999542236328,43.90620040893555,30.686206817626953,40.32142639160156,10000000.0
2,0,451,0.2,-127.40799887520926,0.84,28.85027093554613,-57.99995422363281,32.035667419433594,52.64955139160156,29.911874771118164,10000000.0
2,0,452,0.2057142857142857,-120.32341861179897,0.8457142857142858,25.64096338592402,-80.90995788574219,-96.46147918701172,368.4839172363281,-138.12820434570312,10000000.0
2,0,453,0.2,-130.35309764317103,0.8514285714285714,26.379827230153865,-90.74996185302734,50.15030288696289,52.55426788330078,45.834205627441406,10000000.0
2,0,454,0.17714285714285713,-102.21038394383022,0.8457142857142858,23.117327182864635,-47.47996520996094,-95.76068115234375,315.8517761230469,-132.2166290283203,10000000.0
2,0,455,0.16,-119.70481242588588,0.8628571428571429,25.033245939282917,-51.87995910644531,69.89987182617188,2.190011978149414,60.943870544433594,10000000.0
2,0,456,0.18857142857142858,-88.7902273450579,0.8742857142857143,21.082978223784504,-39.07997131347656,-73.09437561035156,271.9874572753906,-90.10801696777344,10000000.0
2,0,457,0.2,-122.7784827532087,0.88,30.97743056909673,-55.71995544433594,-68.23887634277344,386.1756591796875,-84.2384262084961,10000000.0
2,0,458,0.24,-108.41906679970877,0.8285714285714286,25.08552512650257,-50.59996032714844,3.029256820678711,98.57157897949219,2.9563074111938477,10000000.0
2,0,459,0.22285714285714286,-111.4514075578962,0.8514285714285714,24.62657595179444,-53.40996170043945,-18.958003997802734,187.7965545654297,-20.220321655273438,10000000.0
2,0,460,0.2342857142857143,-107.57486082894461,0.8628571428571429,25.217344737332272,-53.40995788574219,-90.02726745605469,368.4951171875,-127.7742691040039,10000000.0
2,0,461,0.1657142857142857,-103.34630368913923,0.8571428571428571,22.85734054356836,-45.47996520996094,-78.05598449707031,315.6112365722656,-112.55048370361328,10000000.0
2,0,462,0.22857142857142856,-113.3483697618757,0.7714285714285715,26.358362301367613,-88.24996185302734,-76.93037414550781,393.56158447265625,-95.40162658691406,10000000.0
2,0,463,0.22285714285714286,-113.91557714189801,0.8571428571428571,26.783454062467094,-55.40995788574219,-103.328857421875,368.14483642578125,-180.84495544433594,10000000.0
2,0,464,0.18285714285714286,-89.60351046970912,0.7885714285714286,19.87599847604359,-37.79997253417969,-84.96116638183594,263.2535705566406,-109.41049194335938,10000000.0
2,0,465,0.2057142857142857,-119.15720467703683,0.8514285714285714,29.036135685139744,-99.99995422363281,-101.48014068603516,394.4220275878906,-198.50942993164062,10000000.0
2,0,466,0.2571428571428571,-107.00539745875767,0.8342857142857143,25.590663299715025,-52.12995910644531,-96.05801391601562,359.4039001464844,-148.59747314453125,10000000.0
2,0,467,0.2,-141.38748092651366,0.8457142857142858,28.494365588036402,-107.61994934082031,26.65032958984375,87.75204467773438,24.749252319335938,10000000.0
2,0,468,0.21142857142857144,-116.56973137991768,0.8342857142857143,26.450429218577383,-54.40995788574219,24.6176815032959,96.42559051513672,22.451570510864258,10000000.0
2,0,469,0.18285714285714286,-126.1919739641462,0.84,23.379058205863544,-54.09996032714844,-80.02688598632812,351.05328369140625,-108.13265228271484,10000000.0
2,0,470,0.22857142857142856,-137.32704632350377,0.8571428571428571,30.110839618870397,-66.45994567871094,-101.8807373046875,456.3019714355469,-155.17776489257812,10000000.0
2,0,471,0.21714285714285714,-113.32918239048549,0.8057142857142857,21.634414281762417,-49.56996154785156,-31.470312118530273,181.8612823486328,-41.318695068359375,10000000.0
2,0,472,0.24,-90.80324950081962,0.8457142857142858,20.20768830686222,-42.91996765136719,-23.47763442993164,291.5663757324219,-35.86317443847656,10000000.0
2,0,473,0.26285714285714284,-109.78505487714494,0.8228571428571428,24.34879695656122,-65.93995666503906,-82.93243408203125,377.2574157714844,-121.46509552001953,10000000.0
2,0,474,0.21142857142857144,-112.18211880820138,0.8514285714285714,25.195184834538612,-92.37995910644531,46.88923645019531,50.249141693115234,42.8126220703125,10000000.0
2,0,475,0.26857142857142857,-120.365354145595,0.84,24.143316396470482,-61.71995544433594,39.38880157470703,37.11577606201172,36.26578903198242,10000000.0
2,0,476,0.2,-115.88559632982526,0.8457142857142858,24.304170104315748,-50.84996032714844,-12.460695266723633,118.3088150024414,-17.576622009277344,10000000.0
2,0,477,0.22857142857142856,-106.12239153180803,0.8628571428571429,24.152472080408053,-50.59996032714844,-104.75382995605469,350.9759521484375,-180.56565856933594,10000000.0
2,0,478,0.18857142857142858,-117.41054521833148,0.8171428571428572,23.856564394534953,-51.87995910644531,-110.66439056396484,359.7848205566406,-208.3184051513672,10000000.0
2,0,479,0.24571428571428572,-114.92581293378558,0.8171428571428572,25.872111324870755,-54.68995666503906,-87.42376708984375,377.3367614746094,-126.81275177001953,10000000.0
2,0,480,0.2057142857142857,-130.28205360957554,0.8171428571428572,25.14463095308872,-57.46995544433594,-104.61187744140625,384.2252197265625,-183.4730682373047,10000000.0
2,0,481,0.21142857142857144,-121.56704583849226,0.8457142857142858,24.286234113313665,-58.74995422363281,-8.512463569641113,83.34846496582031,-13.22938060760498,10000000.0
2,0,482,0.22857142857142856,-119.47482194083078,0.88,27.47027981818299,-53.90995788574219,-73.03904724121094,346.5956726074219,-100.10899353027344,10000000.0
2,0,483,0.17714285714285713,-111.55536320277623,0.8457142857142858,22.915191620331118,-83.28996276855469,-96.36389923095703,333.2344970703125,-144.46018981933594,10000000.0
2,0,484,0.22285714285714286,-116.87649649483816,0.8685714285714285,24.83394201104853,-83.18995666503906,37.6406364440918,63.6072998046875,34.697776794433594,10000000.0
2,0,485,0.21714285714285714,-129.98643017360143,0.8628571428571429,26.805606834690852,-55.71995544433594,-95.87937927246094,385.5050354003906,-137.0249786376953,10000000.0
2,0,486,0.22285714285714286,-125.40145132882255,0.8285714285714286,25.434744427973616,-56.21995544433594,-43.73744201660156,264.8699951171875,-56.82378005981445,10000000.0
2,0,487,0.24571428571428572,-121.07849298749652,0.8171428571428572,29.323612121948994,-59.80995178222656,-90.4127197265625,411.664794921875,-133.65272521972656,10000000.0
2,0,488,0.18857142857142858,-116.85615283966064,0.8571428571428571,22.352145960912207,-50.59996032714844,-97.65257263183594,350.2113037109375,-144.08192443847656,10000000.0
2,0,489,0.19428571428571428,-123.6719395010812,0.8171428571428572,28.024709797341348,-54.93995666503906,-76.48805236816406,373.5965576171875,-125.37065124511719,10000000.0
2,0,490,0.22857142857142856,-113.37922186715262,0.8342857142857143,23.83996106273186,-49.31996154785156,-78.94577026367188,342.177978515625,-102.0384521484375,10000000.0
2,0,491,0.2342857142857143,-113.77292646135602,0.8,24.64217043208401,-53.15995788574219,-50.0150260925293,236.59652709960938,-72.20268249511719,10000000.0
2,0,492,0.24571428571428572,-116.94647656032018,0.8857142857142857,25.46826532464745,-54.40995788574219,-104.29273986816406,368.499267578125,-163.32241821289062,10000000.0
2,0,493,0.18857142857142858,-129.68633491516113,0.8742857142857143,28.686233634569618,-75.43995666503906,-53.28666687011719,245.5687255859375,-71.61907196044922,10000000.0
2,0,494,0.2057142857142857,-123.21640995570591,0.8628571428571429,24.22738253476457,-83.37995910644531,-90.00387573242188,359.3966979980469,-142.5563201904297,10000000.0
2,0,495,0.2342857142857143,-119.21914430890764,0.8,25.926550553382928,-58.49995422363281,-46.394683837890625,267.6205749511719,-63.06771469116211,10000000.0
2,0,496,0.2,-116.1586642238072,0.8,23.40940778651211,-60.40995788574219,-37.430389404296875,166.7406005859375,-50.34425735473633,10000000.0
2,0,497,0.22857142857142856,-127.41901260375977,0.8742857142857143,29.237003617569545,-57.49995803833008,-30.46571159362793,150.79884338378906,-41.777557373046875,10000000.0
2,0,498,0.2057142857142857,-108.6038646697998,0.8342857142857143,22.303725440548426,-51.06996154785156,-83.04798889160156,342.00604248046875,-130.7235565185547,10000000.0
2,0,499,0.21142857142857144,-122.50554788861956,0.8457142857142858,25.646791793464978,-57.46995544433594,-55.59563064575195,183.36936950683594,-75.98370361328125,10000000.0
2,0,500,0.12,-84.96736249651228,0.6857142857142857,28.495591060491215,-54.90996170043945,23.554935455322266,45.90010070800781,21.867902755737305,10000000.0
2,0,501,0.10285714285714286,-107.17971743992396,0.7485714285714286,33.94246763349816,-60.80995178222656,-84.89633178710938,412.4720458984375,-202.388916015625,10000000.0
2,0,502,0.13142857142857142,-85.35175786699567,0.6857142857142857,26.270689269293783,-88.87995910644531,-67.29328918457031,276.3733825683594,-99.24585723876953,10000000.0
2,0,503,0.12,-94.05178389413017,0.6457142857142857,27.79627561731764,-94.18995666503906,34.92677688598633,41.59019470214844,32.5477409362793,10000000.0
2,0,504,0.09714285714285714,-78.95029158455985,0.6571428571428571,27.416995634990588,-48.25996398925781,-85.60691833496094,323.85772705078125,-123.2337646484375,10000000.0
2,0,505,0.14857142857142858,-79.23235651288714,0.6342857142857142,26.354817980486388,-52.87995910644531,-103.42023468017578,359.8048095703125,-171.9804229736328,10000000.0
2,0,506,0.09142857142857143,-75.05666429792132,0.6571428571428571,22.046643656971224,-41.63996887207031,-92.31228637695312,288.6639709472656,-140.40208435058594,10000000.0
2,0,507,0.14857142857142858,-75.5282677241734,0.6342857142857142,24.04587766176079,-49.31996154785156,-31.36566162109375,148.74563598632812,-36.509422302246094,10000000.0
2,0,508,0.08,-93.23267101832799,0.7257142857142858,29.82332307300627,-53.65995788574219,-96.42361450195312,368.2711181640625,-155.11318969726562,10000000.0
2,0,509,0.13142857142857142,-91.45501649039132,0.6742857142857143,30.75076115862459,-57.24995422363281,-105.91764831542969,394.778076171875,-188.1778106689453,10000000.0
2,0,510,0.11428571428571428,-65.34431224278042,0.64,21.503498712434094,-37.79997253417969,-74.95149230957031,262.6787414550781,-105.46975708007812,10000000.0
2,0,511,0.17142857142857143,-69.67071924482073,0.6571428571428571,23.279695233362634,-81.75996398925781,-70.05511474609375,324.30126953125,-87.5171127319336,10000000.0
2,0,512,0.12571428571428572,-78.65338060651507,0.6628571428571428,26.699636204082907,-49.31996154785156,-109.88581848144531,342.2054443359375,-192.07220458984375,10000000.0
2,0,513,0.10857142857142857,-85.65242499215262,0.6628571428571428,25.691184403291434,-52.37995910644531,-50.00325393676758,225.99044799804688,-74.30670928955078,10000000.0
2,0,514,0.08571428571428572,-96.72693079267229,0.68,30.265468436325584,-53.15995788574219,-65.70904541015625,317.49786376953125,-103.38375854492188,10000000.0
2,0,515,0.07428571428571429,-84.66931959969656,0.7085714285714285,25.598414491221337,-46.22996520996094,-86.53300476074219,315.2022705078125,-126.07831573486328,10000000.0
2,0,516,0.13714285714285715,-90.82930174691336,0.6685714285714286,28.402130382651386,-54.43995666503906,-78.75096130371094,377.2734375,-104.78545379638672,10000000.0
2,0,517,0.12,-88.02222274780273,0.6971428571428572,28.850367112081397,-53.15995788574219,17.261423110961914,115.70094299316406,14.785508155822754,10000000.0
2,0,518,0.13142857142857142,-74.84226234980991,0.5942857142857143,22.36353727225156,-45.47996520996094,-81.6362533569336,315.4713134765625,-106.5926513671875,10000000.0
2,0,519,0.14285714285714285,-88.88706864493234,0.6628571428571428,28.67025262505935,-59.18995666503906,63.384464263916016,8.774442672729492,56.47144317626953,10000000.0
2,0,520,0.12,-96.736710194179,0.6742857142857143,28.626778574518358,-54.43995666503906,-107.78707885742188,375.9554748535156,-176.91029357910156,10000000.0
2,0,521,0.10285714285714286,-100.5992503465925,0.7314285714285714,30.620351021350654,-55.71995544433594,-30.60467529296875,129.2916259765625,-38.70048141479492,10000000.0
2,0,522,0.10857142857142857,-91.32530975341797,0.6742857142857143,26.3506767640259,-53.15995788574219,-98.72021484375,368.42974853515625,-153.9818572998047,10000000.0
2,0,523,0.11428571428571428,-86.89384538922991,0.64,26.682625178503148,-52.12995910644531,-88.73680114746094,359.73431396484375,-136.47732543945312,10000000.0
2,0,524,0.09714285714285714,-80.09412800380161,0.5942857142857143,24.768101321617454,-45.47996520996094,-90.50398254394531,315.74761962890625,-131.81956481933594,10000000.0
2,0,525,0.12,-89.75206235068185,0.6228571428571429,30.095722275246494,-55.71995544433594,11.35541820526123,91.72846221923828,10.825881958007812,10000000.0
2,0,526,0.10285714285714286,-96.918587777274,0.7314285714285714,29.497273863114195,-55.71995544433594,54.552398681640625,32.850242614746094,49.75003433227539,10000000.0
2,0,527,0.10285714285714286,-94.89591956002371,0.6514285714285715,29.378725847416884,-54.43995666503906,62.17658615112305,32.884300231933594,55.931358337402344,10000000.0
2,0,528,0.13142857142857142,-88.00887063162668,0.6228571428571429,26.846673212322212,-53.65995788574219,-89.7906494140625,368.48828125,-148.7955322265625,10000000.0
2,0,529,0.12571428571428572,-86.81280490330288,0.6514285714285715,28.38588204451189,-54.43995666503906,54.302791595458984,24.096120834350586,48.97190475463867,10000000.0
2,0,530,0.08571428571428572,-94.7021638052804,0.6857142857142857,30.850622607693555,-81.68995666503906,-96.25821685791016,376.9288330078125,-132.89114379882812,10000000.0
2,0,531,0.10285714285714286,-98.16847646985735,0.6971428571428572,28.97795314912517,-56.99995422363281,-106.181884765625,394.3415222167969,-212.2872314453125,10000000.0
2,0,532,0.09142857142857143,-94.4979146684919,0.7142857142857143,27.084191217315496,-53.40995788574219,-82.69361877441406,368.5120849609375,-113.62306213378906,10000000.0
2,0,533,0.09142857142857143,-75.87030962262835,0.72,23.272244485673056,-43.91996765136719,70.78313446044922,13.071179389953613,62.83895492553711,10000000.0
2,0,534,0.10857142857142857,-93.15728373936244,0.64,28.85191807115808,-53.15995788574219,-101.65202331542969,367.4984130859375,-206.97349548339844,10000000.0
2,0,535,0.05714285714285714,-99.73347312927245,0.7314285714285714,28.28861867061142,-89.37995910644531,-90.32038879394531,359.7415466308594,-137.04232788085938,10000000.0
2,0,536,0.12,-86.80965317862375,0.6628571428571428,29.891654797739392,-54.43995666503906,-86.20152282714844,377.30548095703125,-117.63128662109375,10000000.0
2,0,537,0.09142857142857143,-85.34388472420828,0.6514285714285715,26.618256151188376,-49.31996154785156,-74.98060607910156,342.1782531738281,-92.72378540039062,10000000.0
2,0,538,0.12,-53.17539055960519,0.5257142857142857,19.278400139346623,-33.95997619628906,-73.53687286376953,236.92005920410156,-97.56414031982422,10000000.0
2,0,539,0.13714285714285715,-84.70595129830497,0.6628571428571428,28.931164369550046,-55.68995666503906,-80.26204681396484,377.226318359375,-111.42220306396484,10000000.0
2,0,540,0.10285714285714286,-97.92505460466657,0.6742857142857143,29.28014941943192,-58.24995422363281,-106.98596954345703,394.75653076171875,-211.06591796875,10000000.0
2,0,541,0.13142857142857142,-91.60328969682966,0.6685714285714286,28.82381875763433,-56.99995422363281,-9.568939208984375,105.25823974609375,-13.232086181640625,10000000.0
2,0,542,0.15428571428571428,-72.64409422738211,0.6342857142857142,23.099614753712213,-45.47996520996094,-74.2625503540039,315.6827697753906,-99.72284698486328,10000000.0
2,0,543,0.10285714285714286,-85.10438657488142,0.6228571428571429,26.470579359147248,-51.59996032714844,-95.03885650634766,350.94317626953125,-134.8748016357422,10000000.0
2,0,544,0.13714285714285715,-86.52282274518694,0.6514285714285715,25.898498534097318,-53.15995788574219,-87.87030029296875,367.5181579589844,-146.39512634277344,10000000.0
2,0,545,0.13142857142857142,-67.82363291059221,0.6228571428571429,22.78341836220991,-76.44996643066406,-89.77386474609375,306.6687316894531,-121.21966552734375,10000000.0
2,0,546,0.10285714285714286,-91.72760167803084,0.6857142857142857,27.09188839526217,-53.62995910644531,-86.93991088867188,358.2950744628906,-115.26277160644531,10000000.0
2,0,547,0.12,-88.69522657121931,0.7142857142857143,26.599549573398317,-55.71995544433594,-102.36683654785156,385.81396484375,-165.72967529296875,10000000.0
2,0,548,0.11428571428571428,-88.65998080662318,0.6742857142857143,27.957050332625606,-53.65995788574219,-99.31490325927734,368.470458984375,-159.2332763671875,10000000.0
2,0,549,0.10285714285714286,-95.15162306649344,0.6914285714285714,28.338168064556065,-56.71995544433594,-87.7129135131836,386.1197204589844,-122.91512298583984,10000000.0
2,0,550,0.10285714285714286,-84.20999834333148,0.7428571428571429,27.60880360411453,-48.78996276855469,-100.20748901367188,332.9543151855469,-151.43141174316406,10000000.0
2,0,551,0.10857142857142857,-87.2714652797154,0.7085714285714285,28.340172182465146,-51.87995910644531,-104.5663833618164,359.3679504394531,-187.34365844726562,10000000.0
2,0,552,0.13714285714285715,-78.9276721736363,0.68,25.804680463706998,-51.34996032714844,-88.21390533447266,350.8992004394531,-130.19435119628906,10000000.0
2,0,553,0.15428571428571428,-90.18841828482492,0.6342857142857142,30.090755154240615,-62.77995300292969,-106.06755065917969,403.6372985839844,-182.7032012939453,10000000.0
2,0,554,0.11428571428571428,-92.53070514133998,0.76,29.29670945201487,-55.18995666503906,-87.87871551513672,376.9193420410156,-119.42495727539062,10000000.0
2,0,555,0.09714285714285714,-100.80692063467843,0.72,29.537703545878497,-56.99995422363281,-95.43820190429688,394.6927185058594,-130.12130737304688,10000000.0
2,0,556,0.09142857142857143,-98.3824649810791,0.6571428571428571,29.551331285793474,-79.49995422363281,-78.47128295898438,393.8940734863281,-96.89262390136719,10000000.0
2,0,557,0.12571428571428572,-99.27330922807965,0.7028571428571428,31.18190669259833,-59.55995178222656,57.842567443847656,37.22898483276367,52.261024475097656,10000000.0
2,0,558,0.07428571428571429,-50.18146833147321,0.5771428571428572,17.88918652546551,-40.61997985839844,-77.51979064941406,210.56642150878906,-102.10587310791016,10000000.0
